Dataset:name:TONIC_TMA10	/uod/idr/metadata/idr0163-greenwald-tnbc/companions/TONIC_TMA10_R10C6.companion.ome	TONIC_TMA10_R10C6
Dataset:name:TONIC_TMA10	/uod/idr/metadata/idr0163-greenwald-tnbc/companions/TONIC_TMA10_R11C6.companion.ome	TONIC_TMA10_R11C6
Dataset:name:TONIC_TMA10	/uod/idr/metadata/idr0163-greenwald-tnbc/companions/TONIC_TMA10_R12C1.companion.ome	TONIC_TMA10_R12C1
Dataset:name:TONIC_TMA10	/uod/idr/metadata/idr0163-greenwald-tnbc/companions/TONIC_TMA10_R12C2.companion.ome	TONIC_TMA10_R12C2
Dataset:name:TONIC_TMA10	/uod/idr/metadata/idr0163-greenwald-tnbc/companions/TONIC_TMA10_R12C3.companion.ome	TONIC_TMA10_R12C3
Dataset:name:TONIC_TMA10	/uod/idr/metadata/idr0163-greenwald-tnbc/companions/TONIC_TMA10_R12C4.companion.ome	TONIC_TMA10_R12C4
Dataset:name:TONIC_TMA10	/uod/idr/metadata/idr0163-greenwald-tnbc/companions/TONIC_TMA10_R12C5.companion.ome	TONIC_TMA10_R12C5
Dataset:name:TONIC_TMA10	/uod/idr/metadata/idr0163-greenwald-tnbc/companions/TONIC_TMA10_R1C1.companion.ome	TONIC_TMA10_R1C1
Dataset:name:TONIC_TMA10	/uod/idr/metadata/idr0163-greenwald-tnbc/companions/TONIC_TMA10_R1C2.companion.ome	TONIC_TMA10_R1C2
Dataset:name:TONIC_TMA10	/uod/idr/metadata/idr0163-greenwald-tnbc/companions/TONIC_TMA10_R1C3.companion.ome	TONIC_TMA10_R1C3
Dataset:name:TONIC_TMA10	/uod/idr/metadata/idr0163-greenwald-tnbc/companions/TONIC_TMA10_R1C4.companion.ome	TONIC_TMA10_R1C4
Dataset:name:TONIC_TMA10	/uod/idr/metadata/idr0163-greenwald-tnbc/companions/TONIC_TMA10_R1C5.companion.ome	TONIC_TMA10_R1C5
Dataset:name:TONIC_TMA10	/uod/idr/metadata/idr0163-greenwald-tnbc/companions/TONIC_TMA10_R3C1.companion.ome	TONIC_TMA10_R3C1
Dataset:name:TONIC_TMA10	/uod/idr/metadata/idr0163-greenwald-tnbc/companions/TONIC_TMA10_R3C2.companion.ome	TONIC_TMA10_R3C2
Dataset:name:TONIC_TMA10	/uod/idr/metadata/idr0163-greenwald-tnbc/companions/TONIC_TMA10_R5C2.companion.ome	TONIC_TMA10_R5C2
Dataset:name:TONIC_TMA10	/uod/idr/metadata/idr0163-greenwald-tnbc/companions/TONIC_TMA10_R5C3.companion.ome	TONIC_TMA10_R5C3
Dataset:name:TONIC_TMA10	/uod/idr/metadata/idr0163-greenwald-tnbc/companions/TONIC_TMA10_R5C4.companion.ome	TONIC_TMA10_R5C4
Dataset:name:TONIC_TMA10	/uod/idr/metadata/idr0163-greenwald-tnbc/companions/TONIC_TMA10_R5C5.companion.ome	TONIC_TMA10_R5C5
Dataset:name:TONIC_TMA10	/uod/idr/metadata/idr0163-greenwald-tnbc/companions/TONIC_TMA10_R5C6.companion.ome	TONIC_TMA10_R5C6
Dataset:name:TONIC_TMA10	/uod/idr/metadata/idr0163-greenwald-tnbc/companions/TONIC_TMA10_R6C2.companion.ome	TONIC_TMA10_R6C2
Dataset:name:TONIC_TMA10	/uod/idr/metadata/idr0163-greenwald-tnbc/companions/TONIC_TMA10_R6C3.companion.ome	TONIC_TMA10_R6C3
Dataset:name:TONIC_TMA10	/uod/idr/metadata/idr0163-greenwald-tnbc/companions/TONIC_TMA10_R6C4.companion.ome	TONIC_TMA10_R6C4
Dataset:name:TONIC_TMA10	/uod/idr/metadata/idr0163-greenwald-tnbc/companions/TONIC_TMA10_R6C5.companion.ome	TONIC_TMA10_R6C5
Dataset:name:TONIC_TMA10	/uod/idr/metadata/idr0163-greenwald-tnbc/companions/TONIC_TMA10_R7C6.companion.ome	TONIC_TMA10_R7C6
Dataset:name:TONIC_TMA10	/uod/idr/metadata/idr0163-greenwald-tnbc/companions/TONIC_TMA10_R8C1.companion.ome	TONIC_TMA10_R8C1
Dataset:name:TONIC_TMA10	/uod/idr/metadata/idr0163-greenwald-tnbc/companions/TONIC_TMA10_R8C2.companion.ome	TONIC_TMA10_R8C2
Dataset:name:TONIC_TMA10	/uod/idr/metadata/idr0163-greenwald-tnbc/companions/TONIC_TMA10_R9C1.companion.ome	TONIC_TMA10_R9C1
Dataset:name:TONIC_TMA10	/uod/idr/metadata/idr0163-greenwald-tnbc/companions/TONIC_TMA10_R9C2.companion.ome	TONIC_TMA10_R9C2
Dataset:name:TONIC_TMA10	/uod/idr/metadata/idr0163-greenwald-tnbc/companions/TONIC_TMA10_R9C3.companion.ome	TONIC_TMA10_R9C3
Dataset:name:TONIC_TMA10	/uod/idr/metadata/idr0163-greenwald-tnbc/companions/TONIC_TMA10_R9C4.companion.ome	TONIC_TMA10_R9C4
Dataset:name:TONIC_TMA11	/uod/idr/metadata/idr0163-greenwald-tnbc/companions/TONIC_TMA11_R10C1.companion.ome	TONIC_TMA11_R10C1
Dataset:name:TONIC_TMA11	/uod/idr/metadata/idr0163-greenwald-tnbc/companions/TONIC_TMA11_R10C2.companion.ome	TONIC_TMA11_R10C2
Dataset:name:TONIC_TMA11	/uod/idr/metadata/idr0163-greenwald-tnbc/companions/TONIC_TMA11_R10C3.companion.ome	TONIC_TMA11_R10C3
Dataset:name:TONIC_TMA11	/uod/idr/metadata/idr0163-greenwald-tnbc/companions/TONIC_TMA11_R10C4.companion.ome	TONIC_TMA11_R10C4
Dataset:name:TONIC_TMA11	/uod/idr/metadata/idr0163-greenwald-tnbc/companions/TONIC_TMA11_R10C5.companion.ome	TONIC_TMA11_R10C5
Dataset:name:TONIC_TMA11	/uod/idr/metadata/idr0163-greenwald-tnbc/companions/TONIC_TMA11_R10C6.companion.ome	TONIC_TMA11_R10C6
Dataset:name:TONIC_TMA11	/uod/idr/metadata/idr0163-greenwald-tnbc/companions/TONIC_TMA11_R11C1.companion.ome	TONIC_TMA11_R11C1
Dataset:name:TONIC_TMA11	/uod/idr/metadata/idr0163-greenwald-tnbc/companions/TONIC_TMA11_R11C2.companion.ome	TONIC_TMA11_R11C2
Dataset:name:TONIC_TMA11	/uod/idr/metadata/idr0163-greenwald-tnbc/companions/TONIC_TMA11_R11C3.companion.ome	TONIC_TMA11_R11C3
Dataset:name:TONIC_TMA11	/uod/idr/metadata/idr0163-greenwald-tnbc/companions/TONIC_TMA11_R12C4.companion.ome	TONIC_TMA11_R12C4
Dataset:name:TONIC_TMA11	/uod/idr/metadata/idr0163-greenwald-tnbc/companions/TONIC_TMA11_R12C5.companion.ome	TONIC_TMA11_R12C5
Dataset:name:TONIC_TMA11	/uod/idr/metadata/idr0163-greenwald-tnbc/companions/TONIC_TMA11_R12C6.companion.ome	TONIC_TMA11_R12C6
Dataset:name:TONIC_TMA11	/uod/idr/metadata/idr0163-greenwald-tnbc/companions/TONIC_TMA11_R1C6.companion.ome	TONIC_TMA11_R1C6
Dataset:name:TONIC_TMA11	/uod/idr/metadata/idr0163-greenwald-tnbc/companions/TONIC_TMA11_R2C1.companion.ome	TONIC_TMA11_R2C1
Dataset:name:TONIC_TMA11	/uod/idr/metadata/idr0163-greenwald-tnbc/companions/TONIC_TMA11_R4C1.companion.ome	TONIC_TMA11_R4C1
Dataset:name:TONIC_TMA11	/uod/idr/metadata/idr0163-greenwald-tnbc/companions/TONIC_TMA11_R4C2.companion.ome	TONIC_TMA11_R4C2
Dataset:name:TONIC_TMA11	/uod/idr/metadata/idr0163-greenwald-tnbc/companions/TONIC_TMA11_R4C3.companion.ome	TONIC_TMA11_R4C3
Dataset:name:TONIC_TMA11	/uod/idr/metadata/idr0163-greenwald-tnbc/companions/TONIC_TMA11_R5C4.companion.ome	TONIC_TMA11_R5C4
Dataset:name:TONIC_TMA11	/uod/idr/metadata/idr0163-greenwald-tnbc/companions/TONIC_TMA11_R5C5.companion.ome	TONIC_TMA11_R5C5
Dataset:name:TONIC_TMA11	/uod/idr/metadata/idr0163-greenwald-tnbc/companions/TONIC_TMA11_R5C6.companion.ome	TONIC_TMA11_R5C6
Dataset:name:TONIC_TMA11	/uod/idr/metadata/idr0163-greenwald-tnbc/companions/TONIC_TMA11_R6C2.companion.ome	TONIC_TMA11_R6C2
Dataset:name:TONIC_TMA11	/uod/idr/metadata/idr0163-greenwald-tnbc/companions/TONIC_TMA11_R6C3.companion.ome	TONIC_TMA11_R6C3
Dataset:name:TONIC_TMA11	/uod/idr/metadata/idr0163-greenwald-tnbc/companions/TONIC_TMA11_R6C4.companion.ome	TONIC_TMA11_R6C4
Dataset:name:TONIC_TMA11	/uod/idr/metadata/idr0163-greenwald-tnbc/companions/TONIC_TMA11_R6C5.companion.ome	TONIC_TMA11_R6C5
Dataset:name:TONIC_TMA11	/uod/idr/metadata/idr0163-greenwald-tnbc/companions/TONIC_TMA11_R6C6.companion.ome	TONIC_TMA11_R6C6
Dataset:name:TONIC_TMA11	/uod/idr/metadata/idr0163-greenwald-tnbc/companions/TONIC_TMA11_R7C1.companion.ome	TONIC_TMA11_R7C1
Dataset:name:TONIC_TMA11	/uod/idr/metadata/idr0163-greenwald-tnbc/companions/TONIC_TMA11_R7C3.companion.ome	TONIC_TMA11_R7C3
Dataset:name:TONIC_TMA11	/uod/idr/metadata/idr0163-greenwald-tnbc/companions/TONIC_TMA11_R7C4.companion.ome	TONIC_TMA11_R7C4
Dataset:name:TONIC_TMA11	/uod/idr/metadata/idr0163-greenwald-tnbc/companions/TONIC_TMA11_R7C5.companion.ome	TONIC_TMA11_R7C5
Dataset:name:TONIC_TMA11	/uod/idr/metadata/idr0163-greenwald-tnbc/companions/TONIC_TMA11_R7C6.companion.ome	TONIC_TMA11_R7C6
Dataset:name:TONIC_TMA11	/uod/idr/metadata/idr0163-greenwald-tnbc/companions/TONIC_TMA11_R8C1.companion.ome	TONIC_TMA11_R8C1
Dataset:name:TONIC_TMA11	/uod/idr/metadata/idr0163-greenwald-tnbc/companions/TONIC_TMA11_R8C2.companion.ome	TONIC_TMA11_R8C2
Dataset:name:TONIC_TMA11	/uod/idr/metadata/idr0163-greenwald-tnbc/companions/TONIC_TMA11_R8C3.companion.ome	TONIC_TMA11_R8C3
Dataset:name:TONIC_TMA11	/uod/idr/metadata/idr0163-greenwald-tnbc/companions/TONIC_TMA11_R8C4.companion.ome	TONIC_TMA11_R8C4
Dataset:name:TONIC_TMA11	/uod/idr/metadata/idr0163-greenwald-tnbc/companions/TONIC_TMA11_R8C5.companion.ome	TONIC_TMA11_R8C5
Dataset:name:TONIC_TMA11	/uod/idr/metadata/idr0163-greenwald-tnbc/companions/TONIC_TMA11_R8C6.companion.ome	TONIC_TMA11_R8C6
Dataset:name:TONIC_TMA11	/uod/idr/metadata/idr0163-greenwald-tnbc/companions/TONIC_TMA11_R9C1.companion.ome	TONIC_TMA11_R9C1
Dataset:name:TONIC_TMA11	/uod/idr/metadata/idr0163-greenwald-tnbc/companions/TONIC_TMA11_R9C5.companion.ome	TONIC_TMA11_R9C5
Dataset:name:TONIC_TMA11	/uod/idr/metadata/idr0163-greenwald-tnbc/companions/TONIC_TMA11_R9C6.companion.ome	TONIC_TMA11_R9C6
Dataset:name:TONIC_TMA12	/uod/idr/metadata/idr0163-greenwald-tnbc/companions/TONIC_TMA12_R10C1.companion.ome	TONIC_TMA12_R10C1
Dataset:name:TONIC_TMA12	/uod/idr/metadata/idr0163-greenwald-tnbc/companions/TONIC_TMA12_R10C3.companion.ome	TONIC_TMA12_R10C3
Dataset:name:TONIC_TMA12	/uod/idr/metadata/idr0163-greenwald-tnbc/companions/TONIC_TMA12_R10C5.companion.ome	TONIC_TMA12_R10C5
Dataset:name:TONIC_TMA12	/uod/idr/metadata/idr0163-greenwald-tnbc/companions/TONIC_TMA12_R10C6.companion.ome	TONIC_TMA12_R10C6
Dataset:name:TONIC_TMA12	/uod/idr/metadata/idr0163-greenwald-tnbc/companions/TONIC_TMA12_R11C1.companion.ome	TONIC_TMA12_R11C1
Dataset:name:TONIC_TMA12	/uod/idr/metadata/idr0163-greenwald-tnbc/companions/TONIC_TMA12_R2C4.companion.ome	TONIC_TMA12_R2C4
Dataset:name:TONIC_TMA12	/uod/idr/metadata/idr0163-greenwald-tnbc/companions/TONIC_TMA12_R2C5.companion.ome	TONIC_TMA12_R2C5
Dataset:name:TONIC_TMA12	/uod/idr/metadata/idr0163-greenwald-tnbc/companions/TONIC_TMA12_R2C6.companion.ome	TONIC_TMA12_R2C6
Dataset:name:TONIC_TMA12	/uod/idr/metadata/idr0163-greenwald-tnbc/companions/TONIC_TMA12_R3C3.companion.ome	TONIC_TMA12_R3C3
Dataset:name:TONIC_TMA12	/uod/idr/metadata/idr0163-greenwald-tnbc/companions/TONIC_TMA12_R3C4.companion.ome	TONIC_TMA12_R3C4
Dataset:name:TONIC_TMA12	/uod/idr/metadata/idr0163-greenwald-tnbc/companions/TONIC_TMA12_R4C3.companion.ome	TONIC_TMA12_R4C3
Dataset:name:TONIC_TMA12	/uod/idr/metadata/idr0163-greenwald-tnbc/companions/TONIC_TMA12_R5C5.companion.ome	TONIC_TMA12_R5C5
Dataset:name:TONIC_TMA12	/uod/idr/metadata/idr0163-greenwald-tnbc/companions/TONIC_TMA12_R5C6.companion.ome	TONIC_TMA12_R5C6
Dataset:name:TONIC_TMA12	/uod/idr/metadata/idr0163-greenwald-tnbc/companions/TONIC_TMA12_R6C1.companion.ome	TONIC_TMA12_R6C1
Dataset:name:TONIC_TMA12	/uod/idr/metadata/idr0163-greenwald-tnbc/companions/TONIC_TMA12_R6C2.companion.ome	TONIC_TMA12_R6C2
Dataset:name:TONIC_TMA12	/uod/idr/metadata/idr0163-greenwald-tnbc/companions/TONIC_TMA12_R7C6.companion.ome	TONIC_TMA12_R7C6
Dataset:name:TONIC_TMA12	/uod/idr/metadata/idr0163-greenwald-tnbc/companions/TONIC_TMA12_R8C2.companion.ome	TONIC_TMA12_R8C2
Dataset:name:TONIC_TMA12	/uod/idr/metadata/idr0163-greenwald-tnbc/companions/TONIC_TMA12_R8C3.companion.ome	TONIC_TMA12_R8C3
Dataset:name:TONIC_TMA12	/uod/idr/metadata/idr0163-greenwald-tnbc/companions/TONIC_TMA12_R8C4.companion.ome	TONIC_TMA12_R8C4
Dataset:name:TONIC_TMA12	/uod/idr/metadata/idr0163-greenwald-tnbc/companions/TONIC_TMA12_R8C5.companion.ome	TONIC_TMA12_R8C5
Dataset:name:TONIC_TMA12	/uod/idr/metadata/idr0163-greenwald-tnbc/companions/TONIC_TMA12_R9C3.companion.ome	TONIC_TMA12_R9C3
Dataset:name:TONIC_TMA12	/uod/idr/metadata/idr0163-greenwald-tnbc/companions/TONIC_TMA12_R9C4.companion.ome	TONIC_TMA12_R9C4
Dataset:name:TONIC_TMA12	/uod/idr/metadata/idr0163-greenwald-tnbc/companions/TONIC_TMA12_R9C5.companion.ome	TONIC_TMA12_R9C5
Dataset:name:TONIC_TMA12	/uod/idr/metadata/idr0163-greenwald-tnbc/companions/TONIC_TMA12_R9C6.companion.ome	TONIC_TMA12_R9C6
Dataset:name:TONIC_TMA13	/uod/idr/metadata/idr0163-greenwald-tnbc/companions/TONIC_TMA13_R10C1.companion.ome	TONIC_TMA13_R10C1
Dataset:name:TONIC_TMA13	/uod/idr/metadata/idr0163-greenwald-tnbc/companions/TONIC_TMA13_R10C2.companion.ome	TONIC_TMA13_R10C2
Dataset:name:TONIC_TMA13	/uod/idr/metadata/idr0163-greenwald-tnbc/companions/TONIC_TMA13_R10C3.companion.ome	TONIC_TMA13_R10C3
Dataset:name:TONIC_TMA13	/uod/idr/metadata/idr0163-greenwald-tnbc/companions/TONIC_TMA13_R10C4.companion.ome	TONIC_TMA13_R10C4
Dataset:name:TONIC_TMA13	/uod/idr/metadata/idr0163-greenwald-tnbc/companions/TONIC_TMA13_R10C5.companion.ome	TONIC_TMA13_R10C5
Dataset:name:TONIC_TMA13	/uod/idr/metadata/idr0163-greenwald-tnbc/companions/TONIC_TMA13_R10C6.companion.ome	TONIC_TMA13_R10C6
Dataset:name:TONIC_TMA13	/uod/idr/metadata/idr0163-greenwald-tnbc/companions/TONIC_TMA13_R11C1.companion.ome	TONIC_TMA13_R11C1
Dataset:name:TONIC_TMA13	/uod/idr/metadata/idr0163-greenwald-tnbc/companions/TONIC_TMA13_R11C2.companion.ome	TONIC_TMA13_R11C2
Dataset:name:TONIC_TMA13	/uod/idr/metadata/idr0163-greenwald-tnbc/companions/TONIC_TMA13_R11C3.companion.ome	TONIC_TMA13_R11C3
Dataset:name:TONIC_TMA13	/uod/idr/metadata/idr0163-greenwald-tnbc/companions/TONIC_TMA13_R11C4.companion.ome	TONIC_TMA13_R11C4
Dataset:name:TONIC_TMA13	/uod/idr/metadata/idr0163-greenwald-tnbc/companions/TONIC_TMA13_R11C5.companion.ome	TONIC_TMA13_R11C5
Dataset:name:TONIC_TMA13	/uod/idr/metadata/idr0163-greenwald-tnbc/companions/TONIC_TMA13_R1C5.companion.ome	TONIC_TMA13_R1C5
Dataset:name:TONIC_TMA13	/uod/idr/metadata/idr0163-greenwald-tnbc/companions/TONIC_TMA13_R2C6.companion.ome	TONIC_TMA13_R2C6
Dataset:name:TONIC_TMA13	/uod/idr/metadata/idr0163-greenwald-tnbc/companions/TONIC_TMA13_R3C1.companion.ome	TONIC_TMA13_R3C1
Dataset:name:TONIC_TMA13	/uod/idr/metadata/idr0163-greenwald-tnbc/companions/TONIC_TMA13_R3C2.companion.ome	TONIC_TMA13_R3C2
Dataset:name:TONIC_TMA13	/uod/idr/metadata/idr0163-greenwald-tnbc/companions/TONIC_TMA13_R4C1.companion.ome	TONIC_TMA13_R4C1
Dataset:name:TONIC_TMA13	/uod/idr/metadata/idr0163-greenwald-tnbc/companions/TONIC_TMA13_R4C5.companion.ome	TONIC_TMA13_R4C5
Dataset:name:TONIC_TMA13	/uod/idr/metadata/idr0163-greenwald-tnbc/companions/TONIC_TMA13_R5C1.companion.ome	TONIC_TMA13_R5C1
Dataset:name:TONIC_TMA13	/uod/idr/metadata/idr0163-greenwald-tnbc/companions/TONIC_TMA13_R5C2.companion.ome	TONIC_TMA13_R5C2
Dataset:name:TONIC_TMA13	/uod/idr/metadata/idr0163-greenwald-tnbc/companions/TONIC_TMA13_R6C6.companion.ome	TONIC_TMA13_R6C6
Dataset:name:TONIC_TMA13	/uod/idr/metadata/idr0163-greenwald-tnbc/companions/TONIC_TMA13_R7C1.companion.ome	TONIC_TMA13_R7C1
Dataset:name:TONIC_TMA13	/uod/idr/metadata/idr0163-greenwald-tnbc/companions/TONIC_TMA13_R7C3.companion.ome	TONIC_TMA13_R7C3
Dataset:name:TONIC_TMA13	/uod/idr/metadata/idr0163-greenwald-tnbc/companions/TONIC_TMA13_R7C4.companion.ome	TONIC_TMA13_R7C4
Dataset:name:TONIC_TMA13	/uod/idr/metadata/idr0163-greenwald-tnbc/companions/TONIC_TMA13_R7C5.companion.ome	TONIC_TMA13_R7C5
Dataset:name:TONIC_TMA13	/uod/idr/metadata/idr0163-greenwald-tnbc/companions/TONIC_TMA13_R7C6.companion.ome	TONIC_TMA13_R7C6
Dataset:name:TONIC_TMA13	/uod/idr/metadata/idr0163-greenwald-tnbc/companions/TONIC_TMA13_R8C1.companion.ome	TONIC_TMA13_R8C1
Dataset:name:TONIC_TMA13	/uod/idr/metadata/idr0163-greenwald-tnbc/companions/TONIC_TMA13_R8C2.companion.ome	TONIC_TMA13_R8C2
Dataset:name:TONIC_TMA13	/uod/idr/metadata/idr0163-greenwald-tnbc/companions/TONIC_TMA13_R8C3.companion.ome	TONIC_TMA13_R8C3
Dataset:name:TONIC_TMA13	/uod/idr/metadata/idr0163-greenwald-tnbc/companions/TONIC_TMA13_R8C4.companion.ome	TONIC_TMA13_R8C4
Dataset:name:TONIC_TMA13	/uod/idr/metadata/idr0163-greenwald-tnbc/companions/TONIC_TMA13_R8C5.companion.ome	TONIC_TMA13_R8C5
Dataset:name:TONIC_TMA13	/uod/idr/metadata/idr0163-greenwald-tnbc/companions/TONIC_TMA13_R8C6.companion.ome	TONIC_TMA13_R8C6
Dataset:name:TONIC_TMA13	/uod/idr/metadata/idr0163-greenwald-tnbc/companions/TONIC_TMA13_R9C2.companion.ome	TONIC_TMA13_R9C2
Dataset:name:TONIC_TMA13	/uod/idr/metadata/idr0163-greenwald-tnbc/companions/TONIC_TMA13_R9C3.companion.ome	TONIC_TMA13_R9C3
Dataset:name:TONIC_TMA13	/uod/idr/metadata/idr0163-greenwald-tnbc/companions/TONIC_TMA13_R9C4.companion.ome	TONIC_TMA13_R9C4
Dataset:name:TONIC_TMA13	/uod/idr/metadata/idr0163-greenwald-tnbc/companions/TONIC_TMA13_R9C5.companion.ome	TONIC_TMA13_R9C5
Dataset:name:TONIC_TMA13	/uod/idr/metadata/idr0163-greenwald-tnbc/companions/TONIC_TMA13_R9C6.companion.ome	TONIC_TMA13_R9C6
Dataset:name:TONIC_TMA14	/uod/idr/metadata/idr0163-greenwald-tnbc/companions/TONIC_TMA14_R10C1.companion.ome	TONIC_TMA14_R10C1
Dataset:name:TONIC_TMA14	/uod/idr/metadata/idr0163-greenwald-tnbc/companions/TONIC_TMA14_R10C2.companion.ome	TONIC_TMA14_R10C2
Dataset:name:TONIC_TMA14	/uod/idr/metadata/idr0163-greenwald-tnbc/companions/TONIC_TMA14_R10C4.companion.ome	TONIC_TMA14_R10C4
Dataset:name:TONIC_TMA14	/uod/idr/metadata/idr0163-greenwald-tnbc/companions/TONIC_TMA14_R10C5.companion.ome	TONIC_TMA14_R10C5
Dataset:name:TONIC_TMA14	/uod/idr/metadata/idr0163-greenwald-tnbc/companions/TONIC_TMA14_R10C6.companion.ome	TONIC_TMA14_R10C6
Dataset:name:TONIC_TMA14	/uod/idr/metadata/idr0163-greenwald-tnbc/companions/TONIC_TMA14_R11C4.companion.ome	TONIC_TMA14_R11C4
Dataset:name:TONIC_TMA14	/uod/idr/metadata/idr0163-greenwald-tnbc/companions/TONIC_TMA14_R11C5.companion.ome	TONIC_TMA14_R11C5
Dataset:name:TONIC_TMA14	/uod/idr/metadata/idr0163-greenwald-tnbc/companions/TONIC_TMA14_R11C6.companion.ome	TONIC_TMA14_R11C6
Dataset:name:TONIC_TMA14	/uod/idr/metadata/idr0163-greenwald-tnbc/companions/TONIC_TMA14_R12C2.companion.ome	TONIC_TMA14_R12C2
Dataset:name:TONIC_TMA14	/uod/idr/metadata/idr0163-greenwald-tnbc/companions/TONIC_TMA14_R12C3.companion.ome	TONIC_TMA14_R12C3
Dataset:name:TONIC_TMA14	/uod/idr/metadata/idr0163-greenwald-tnbc/companions/TONIC_TMA14_R12C4.companion.ome	TONIC_TMA14_R12C4
Dataset:name:TONIC_TMA14	/uod/idr/metadata/idr0163-greenwald-tnbc/companions/TONIC_TMA14_R12C5.companion.ome	TONIC_TMA14_R12C5
Dataset:name:TONIC_TMA14	/uod/idr/metadata/idr0163-greenwald-tnbc/companions/TONIC_TMA14_R12C6.companion.ome	TONIC_TMA14_R12C6
Dataset:name:TONIC_TMA14	/uod/idr/metadata/idr0163-greenwald-tnbc/companions/TONIC_TMA14_R1C1.companion.ome	TONIC_TMA14_R1C1
Dataset:name:TONIC_TMA14	/uod/idr/metadata/idr0163-greenwald-tnbc/companions/TONIC_TMA14_R1C4.companion.ome	TONIC_TMA14_R1C4
Dataset:name:TONIC_TMA14	/uod/idr/metadata/idr0163-greenwald-tnbc/companions/TONIC_TMA14_R3C1.companion.ome	TONIC_TMA14_R3C1
Dataset:name:TONIC_TMA14	/uod/idr/metadata/idr0163-greenwald-tnbc/companions/TONIC_TMA14_R3C4.companion.ome	TONIC_TMA14_R3C4
Dataset:name:TONIC_TMA14	/uod/idr/metadata/idr0163-greenwald-tnbc/companions/TONIC_TMA14_R4C2.companion.ome	TONIC_TMA14_R4C2
Dataset:name:TONIC_TMA14	/uod/idr/metadata/idr0163-greenwald-tnbc/companions/TONIC_TMA14_R4C3.companion.ome	TONIC_TMA14_R4C3
Dataset:name:TONIC_TMA14	/uod/idr/metadata/idr0163-greenwald-tnbc/companions/TONIC_TMA14_R4C5.companion.ome	TONIC_TMA14_R4C5
Dataset:name:TONIC_TMA14	/uod/idr/metadata/idr0163-greenwald-tnbc/companions/TONIC_TMA14_R4C6.companion.ome	TONIC_TMA14_R4C6
Dataset:name:TONIC_TMA14	/uod/idr/metadata/idr0163-greenwald-tnbc/companions/TONIC_TMA14_R5C1.companion.ome	TONIC_TMA14_R5C1
Dataset:name:TONIC_TMA14	/uod/idr/metadata/idr0163-greenwald-tnbc/companions/TONIC_TMA14_R5C2.companion.ome	TONIC_TMA14_R5C2
Dataset:name:TONIC_TMA14	/uod/idr/metadata/idr0163-greenwald-tnbc/companions/TONIC_TMA14_R5C3.companion.ome	TONIC_TMA14_R5C3
Dataset:name:TONIC_TMA14	/uod/idr/metadata/idr0163-greenwald-tnbc/companions/TONIC_TMA14_R5C4.companion.ome	TONIC_TMA14_R5C4
Dataset:name:TONIC_TMA14	/uod/idr/metadata/idr0163-greenwald-tnbc/companions/TONIC_TMA14_R6C1.companion.ome	TONIC_TMA14_R6C1
Dataset:name:TONIC_TMA14	/uod/idr/metadata/idr0163-greenwald-tnbc/companions/TONIC_TMA14_R6C2.companion.ome	TONIC_TMA14_R6C2
Dataset:name:TONIC_TMA14	/uod/idr/metadata/idr0163-greenwald-tnbc/companions/TONIC_TMA14_R6C3.companion.ome	TONIC_TMA14_R6C3
Dataset:name:TONIC_TMA14	/uod/idr/metadata/idr0163-greenwald-tnbc/companions/TONIC_TMA14_R7C1.companion.ome	TONIC_TMA14_R7C1
Dataset:name:TONIC_TMA14	/uod/idr/metadata/idr0163-greenwald-tnbc/companions/TONIC_TMA14_R7C2.companion.ome	TONIC_TMA14_R7C2
Dataset:name:TONIC_TMA14	/uod/idr/metadata/idr0163-greenwald-tnbc/companions/TONIC_TMA14_R7C3.companion.ome	TONIC_TMA14_R7C3
Dataset:name:TONIC_TMA14	/uod/idr/metadata/idr0163-greenwald-tnbc/companions/TONIC_TMA14_R7C4.companion.ome	TONIC_TMA14_R7C4
Dataset:name:TONIC_TMA14	/uod/idr/metadata/idr0163-greenwald-tnbc/companions/TONIC_TMA14_R7C5.companion.ome	TONIC_TMA14_R7C5
Dataset:name:TONIC_TMA14	/uod/idr/metadata/idr0163-greenwald-tnbc/companions/TONIC_TMA14_R7C6.companion.ome	TONIC_TMA14_R7C6
Dataset:name:TONIC_TMA14	/uod/idr/metadata/idr0163-greenwald-tnbc/companions/TONIC_TMA14_R8C1.companion.ome	TONIC_TMA14_R8C1
Dataset:name:TONIC_TMA14	/uod/idr/metadata/idr0163-greenwald-tnbc/companions/TONIC_TMA14_R8C2.companion.ome	TONIC_TMA14_R8C2
Dataset:name:TONIC_TMA14	/uod/idr/metadata/idr0163-greenwald-tnbc/companions/TONIC_TMA14_R8C3.companion.ome	TONIC_TMA14_R8C3
Dataset:name:TONIC_TMA14	/uod/idr/metadata/idr0163-greenwald-tnbc/companions/TONIC_TMA14_R9C5.companion.ome	TONIC_TMA14_R9C5
Dataset:name:TONIC_TMA14	/uod/idr/metadata/idr0163-greenwald-tnbc/companions/TONIC_TMA14_R9C6.companion.ome	TONIC_TMA14_R9C6
Dataset:name:TONIC_TMA15	/uod/idr/metadata/idr0163-greenwald-tnbc/companions/TONIC_TMA15_R10C1.companion.ome	TONIC_TMA15_R10C1
Dataset:name:TONIC_TMA15	/uod/idr/metadata/idr0163-greenwald-tnbc/companions/TONIC_TMA15_R10C2.companion.ome	TONIC_TMA15_R10C2
Dataset:name:TONIC_TMA15	/uod/idr/metadata/idr0163-greenwald-tnbc/companions/TONIC_TMA15_R10C5.companion.ome	TONIC_TMA15_R10C5
Dataset:name:TONIC_TMA15	/uod/idr/metadata/idr0163-greenwald-tnbc/companions/TONIC_TMA15_R10C6.companion.ome	TONIC_TMA15_R10C6
Dataset:name:TONIC_TMA15	/uod/idr/metadata/idr0163-greenwald-tnbc/companions/TONIC_TMA15_R11C1.companion.ome	TONIC_TMA15_R11C1
Dataset:name:TONIC_TMA15	/uod/idr/metadata/idr0163-greenwald-tnbc/companions/TONIC_TMA15_R11C2.companion.ome	TONIC_TMA15_R11C2
Dataset:name:TONIC_TMA15	/uod/idr/metadata/idr0163-greenwald-tnbc/companions/TONIC_TMA15_R2C4.companion.ome	TONIC_TMA15_R2C4
Dataset:name:TONIC_TMA15	/uod/idr/metadata/idr0163-greenwald-tnbc/companions/TONIC_TMA15_R2C5.companion.ome	TONIC_TMA15_R2C5
Dataset:name:TONIC_TMA15	/uod/idr/metadata/idr0163-greenwald-tnbc/companions/TONIC_TMA15_R2C6.companion.ome	TONIC_TMA15_R2C6
Dataset:name:TONIC_TMA15	/uod/idr/metadata/idr0163-greenwald-tnbc/companions/TONIC_TMA15_R3C2.companion.ome	TONIC_TMA15_R3C2
Dataset:name:TONIC_TMA15	/uod/idr/metadata/idr0163-greenwald-tnbc/companions/TONIC_TMA15_R6C4.companion.ome	TONIC_TMA15_R6C4
Dataset:name:TONIC_TMA15	/uod/idr/metadata/idr0163-greenwald-tnbc/companions/TONIC_TMA15_R7C1.companion.ome	TONIC_TMA15_R7C1
Dataset:name:TONIC_TMA15	/uod/idr/metadata/idr0163-greenwald-tnbc/companions/TONIC_TMA15_R7C2.companion.ome	TONIC_TMA15_R7C2
Dataset:name:TONIC_TMA15	/uod/idr/metadata/idr0163-greenwald-tnbc/companions/TONIC_TMA15_R7C3.companion.ome	TONIC_TMA15_R7C3
Dataset:name:TONIC_TMA15	/uod/idr/metadata/idr0163-greenwald-tnbc/companions/TONIC_TMA15_R7C4.companion.ome	TONIC_TMA15_R7C4
Dataset:name:TONIC_TMA15	/uod/idr/metadata/idr0163-greenwald-tnbc/companions/TONIC_TMA15_R7C5.companion.ome	TONIC_TMA15_R7C5
Dataset:name:TONIC_TMA15	/uod/idr/metadata/idr0163-greenwald-tnbc/companions/TONIC_TMA15_R7C6.companion.ome	TONIC_TMA15_R7C6
Dataset:name:TONIC_TMA15	/uod/idr/metadata/idr0163-greenwald-tnbc/companions/TONIC_TMA15_R8C1.companion.ome	TONIC_TMA15_R8C1
Dataset:name:TONIC_TMA15	/uod/idr/metadata/idr0163-greenwald-tnbc/companions/TONIC_TMA15_R8C2.companion.ome	TONIC_TMA15_R8C2
Dataset:name:TONIC_TMA15	/uod/idr/metadata/idr0163-greenwald-tnbc/companions/TONIC_TMA15_R8C3.companion.ome	TONIC_TMA15_R8C3
Dataset:name:TONIC_TMA15	/uod/idr/metadata/idr0163-greenwald-tnbc/companions/TONIC_TMA15_R8C4.companion.ome	TONIC_TMA15_R8C4
Dataset:name:TONIC_TMA15	/uod/idr/metadata/idr0163-greenwald-tnbc/companions/TONIC_TMA15_R8C5.companion.ome	TONIC_TMA15_R8C5
Dataset:name:TONIC_TMA15	/uod/idr/metadata/idr0163-greenwald-tnbc/companions/TONIC_TMA15_R9C6.companion.ome	TONIC_TMA15_R9C6
Dataset:name:TONIC_TMA16	/uod/idr/metadata/idr0163-greenwald-tnbc/companions/TONIC_TMA16_R10C1.companion.ome	TONIC_TMA16_R10C1
Dataset:name:TONIC_TMA16	/uod/idr/metadata/idr0163-greenwald-tnbc/companions/TONIC_TMA16_R11C4.companion.ome	TONIC_TMA16_R11C4
Dataset:name:TONIC_TMA16	/uod/idr/metadata/idr0163-greenwald-tnbc/companions/TONIC_TMA16_R11C5.companion.ome	TONIC_TMA16_R11C5
Dataset:name:TONIC_TMA16	/uod/idr/metadata/idr0163-greenwald-tnbc/companions/TONIC_TMA16_R12C1.companion.ome	TONIC_TMA16_R12C1
Dataset:name:TONIC_TMA16	/uod/idr/metadata/idr0163-greenwald-tnbc/companions/TONIC_TMA16_R12C2.companion.ome	TONIC_TMA16_R12C2
Dataset:name:TONIC_TMA16	/uod/idr/metadata/idr0163-greenwald-tnbc/companions/TONIC_TMA16_R1C3.companion.ome	TONIC_TMA16_R1C3
Dataset:name:TONIC_TMA16	/uod/idr/metadata/idr0163-greenwald-tnbc/companions/TONIC_TMA16_R1C4.companion.ome	TONIC_TMA16_R1C4
Dataset:name:TONIC_TMA16	/uod/idr/metadata/idr0163-greenwald-tnbc/companions/TONIC_TMA16_R1C5.companion.ome	TONIC_TMA16_R1C5
Dataset:name:TONIC_TMA16	/uod/idr/metadata/idr0163-greenwald-tnbc/companions/TONIC_TMA16_R1C6.companion.ome	TONIC_TMA16_R1C6
Dataset:name:TONIC_TMA16	/uod/idr/metadata/idr0163-greenwald-tnbc/companions/TONIC_TMA16_R2C1.companion.ome	TONIC_TMA16_R2C1
Dataset:name:TONIC_TMA16	/uod/idr/metadata/idr0163-greenwald-tnbc/companions/TONIC_TMA16_R2C2.companion.ome	TONIC_TMA16_R2C2
Dataset:name:TONIC_TMA16	/uod/idr/metadata/idr0163-greenwald-tnbc/companions/TONIC_TMA16_R2C6.companion.ome	TONIC_TMA16_R2C6
Dataset:name:TONIC_TMA16	/uod/idr/metadata/idr0163-greenwald-tnbc/companions/TONIC_TMA16_R3C1.companion.ome	TONIC_TMA16_R3C1
Dataset:name:TONIC_TMA16	/uod/idr/metadata/idr0163-greenwald-tnbc/companions/TONIC_TMA16_R3C2.companion.ome	TONIC_TMA16_R3C2
Dataset:name:TONIC_TMA16	/uod/idr/metadata/idr0163-greenwald-tnbc/companions/TONIC_TMA16_R3C3.companion.ome	TONIC_TMA16_R3C3
Dataset:name:TONIC_TMA16	/uod/idr/metadata/idr0163-greenwald-tnbc/companions/TONIC_TMA16_R3C4.companion.ome	TONIC_TMA16_R3C4
Dataset:name:TONIC_TMA16	/uod/idr/metadata/idr0163-greenwald-tnbc/companions/TONIC_TMA16_R4C1.companion.ome	TONIC_TMA16_R4C1
Dataset:name:TONIC_TMA16	/uod/idr/metadata/idr0163-greenwald-tnbc/companions/TONIC_TMA16_R4C2.companion.ome	TONIC_TMA16_R4C2
Dataset:name:TONIC_TMA16	/uod/idr/metadata/idr0163-greenwald-tnbc/companions/TONIC_TMA16_R6C5.companion.ome	TONIC_TMA16_R6C5
Dataset:name:TONIC_TMA16	/uod/idr/metadata/idr0163-greenwald-tnbc/companions/TONIC_TMA16_R6C6.companion.ome	TONIC_TMA16_R6C6
Dataset:name:TONIC_TMA16	/uod/idr/metadata/idr0163-greenwald-tnbc/companions/TONIC_TMA16_R8C3.companion.ome	TONIC_TMA16_R8C3
Dataset:name:TONIC_TMA17	/uod/idr/metadata/idr0163-greenwald-tnbc/companions/TONIC_TMA17_R10C1.companion.ome	TONIC_TMA17_R10C1
Dataset:name:TONIC_TMA17	/uod/idr/metadata/idr0163-greenwald-tnbc/companions/TONIC_TMA17_R10C2.companion.ome	TONIC_TMA17_R10C2
Dataset:name:TONIC_TMA17	/uod/idr/metadata/idr0163-greenwald-tnbc/companions/TONIC_TMA17_R10C3.companion.ome	TONIC_TMA17_R10C3
Dataset:name:TONIC_TMA17	/uod/idr/metadata/idr0163-greenwald-tnbc/companions/TONIC_TMA17_R10C4.companion.ome	TONIC_TMA17_R10C4
Dataset:name:TONIC_TMA17	/uod/idr/metadata/idr0163-greenwald-tnbc/companions/TONIC_TMA17_R11C1.companion.ome	TONIC_TMA17_R11C1
Dataset:name:TONIC_TMA17	/uod/idr/metadata/idr0163-greenwald-tnbc/companions/TONIC_TMA17_R11C2.companion.ome	TONIC_TMA17_R11C2
Dataset:name:TONIC_TMA17	/uod/idr/metadata/idr0163-greenwald-tnbc/companions/TONIC_TMA17_R11C3.companion.ome	TONIC_TMA17_R11C3
Dataset:name:TONIC_TMA17	/uod/idr/metadata/idr0163-greenwald-tnbc/companions/TONIC_TMA17_R11C4.companion.ome	TONIC_TMA17_R11C4
Dataset:name:TONIC_TMA17	/uod/idr/metadata/idr0163-greenwald-tnbc/companions/TONIC_TMA17_R11C5.companion.ome	TONIC_TMA17_R11C5
Dataset:name:TONIC_TMA17	/uod/idr/metadata/idr0163-greenwald-tnbc/companions/TONIC_TMA17_R11C6.companion.ome	TONIC_TMA17_R11C6
Dataset:name:TONIC_TMA17	/uod/idr/metadata/idr0163-greenwald-tnbc/companions/TONIC_TMA17_R12C2.companion.ome	TONIC_TMA17_R12C2
Dataset:name:TONIC_TMA17	/uod/idr/metadata/idr0163-greenwald-tnbc/companions/TONIC_TMA17_R12C3.companion.ome	TONIC_TMA17_R12C3
Dataset:name:TONIC_TMA17	/uod/idr/metadata/idr0163-greenwald-tnbc/companions/TONIC_TMA17_R12C4.companion.ome	TONIC_TMA17_R12C4
Dataset:name:TONIC_TMA17	/uod/idr/metadata/idr0163-greenwald-tnbc/companions/TONIC_TMA17_R12C5.companion.ome	TONIC_TMA17_R12C5
Dataset:name:TONIC_TMA17	/uod/idr/metadata/idr0163-greenwald-tnbc/companions/TONIC_TMA17_R12C6.companion.ome	TONIC_TMA17_R12C6
Dataset:name:TONIC_TMA17	/uod/idr/metadata/idr0163-greenwald-tnbc/companions/TONIC_TMA17_R1C1.companion.ome	TONIC_TMA17_R1C1
Dataset:name:TONIC_TMA17	/uod/idr/metadata/idr0163-greenwald-tnbc/companions/TONIC_TMA17_R1C2.companion.ome	TONIC_TMA17_R1C2
Dataset:name:TONIC_TMA17	/uod/idr/metadata/idr0163-greenwald-tnbc/companions/TONIC_TMA17_R1C3.companion.ome	TONIC_TMA17_R1C3
Dataset:name:TONIC_TMA17	/uod/idr/metadata/idr0163-greenwald-tnbc/companions/TONIC_TMA17_R1C4.companion.ome	TONIC_TMA17_R1C4
Dataset:name:TONIC_TMA17	/uod/idr/metadata/idr0163-greenwald-tnbc/companions/TONIC_TMA17_R1C5.companion.ome	TONIC_TMA17_R1C5
Dataset:name:TONIC_TMA17	/uod/idr/metadata/idr0163-greenwald-tnbc/companions/TONIC_TMA17_R1C6.companion.ome	TONIC_TMA17_R1C6
Dataset:name:TONIC_TMA17	/uod/idr/metadata/idr0163-greenwald-tnbc/companions/TONIC_TMA17_R2C1.companion.ome	TONIC_TMA17_R2C1
Dataset:name:TONIC_TMA17	/uod/idr/metadata/idr0163-greenwald-tnbc/companions/TONIC_TMA17_R2C2.companion.ome	TONIC_TMA17_R2C2
Dataset:name:TONIC_TMA17	/uod/idr/metadata/idr0163-greenwald-tnbc/companions/TONIC_TMA17_R5C1.companion.ome	TONIC_TMA17_R5C1
Dataset:name:TONIC_TMA17	/uod/idr/metadata/idr0163-greenwald-tnbc/companions/TONIC_TMA17_R5C2.companion.ome	TONIC_TMA17_R5C2
Dataset:name:TONIC_TMA17	/uod/idr/metadata/idr0163-greenwald-tnbc/companions/TONIC_TMA17_R5C3.companion.ome	TONIC_TMA17_R5C3
Dataset:name:TONIC_TMA17	/uod/idr/metadata/idr0163-greenwald-tnbc/companions/TONIC_TMA17_R7C4.companion.ome	TONIC_TMA17_R7C4
Dataset:name:TONIC_TMA17	/uod/idr/metadata/idr0163-greenwald-tnbc/companions/TONIC_TMA17_R7C5.companion.ome	TONIC_TMA17_R7C5
Dataset:name:TONIC_TMA17	/uod/idr/metadata/idr0163-greenwald-tnbc/companions/TONIC_TMA17_R7C6.companion.ome	TONIC_TMA17_R7C6
Dataset:name:TONIC_TMA17	/uod/idr/metadata/idr0163-greenwald-tnbc/companions/TONIC_TMA17_R8C3.companion.ome	TONIC_TMA17_R8C3
Dataset:name:TONIC_TMA17	/uod/idr/metadata/idr0163-greenwald-tnbc/companions/TONIC_TMA17_R8C4.companion.ome	TONIC_TMA17_R8C4
Dataset:name:TONIC_TMA17	/uod/idr/metadata/idr0163-greenwald-tnbc/companions/TONIC_TMA17_R8C5.companion.ome	TONIC_TMA17_R8C5
Dataset:name:TONIC_TMA17	/uod/idr/metadata/idr0163-greenwald-tnbc/companions/TONIC_TMA17_R8C6.companion.ome	TONIC_TMA17_R8C6
Dataset:name:TONIC_TMA17	/uod/idr/metadata/idr0163-greenwald-tnbc/companions/TONIC_TMA17_R9C1.companion.ome	TONIC_TMA17_R9C1
Dataset:name:TONIC_TMA17	/uod/idr/metadata/idr0163-greenwald-tnbc/companions/TONIC_TMA17_R9C2.companion.ome	TONIC_TMA17_R9C2
Dataset:name:TONIC_TMA17	/uod/idr/metadata/idr0163-greenwald-tnbc/companions/TONIC_TMA17_R9C3.companion.ome	TONIC_TMA17_R9C3
Dataset:name:TONIC_TMA17	/uod/idr/metadata/idr0163-greenwald-tnbc/companions/TONIC_TMA17_R9C4.companion.ome	TONIC_TMA17_R9C4
Dataset:name:TONIC_TMA17	/uod/idr/metadata/idr0163-greenwald-tnbc/companions/TONIC_TMA17_R9C5.companion.ome	TONIC_TMA17_R9C5
Dataset:name:TONIC_TMA17	/uod/idr/metadata/idr0163-greenwald-tnbc/companions/TONIC_TMA17_R9C6.companion.ome	TONIC_TMA17_R9C6
Dataset:name:TONIC_TMA18	/uod/idr/metadata/idr0163-greenwald-tnbc/companions/TONIC_TMA18_R10C1.companion.ome	TONIC_TMA18_R10C1
Dataset:name:TONIC_TMA18	/uod/idr/metadata/idr0163-greenwald-tnbc/companions/TONIC_TMA18_R10C2.companion.ome	TONIC_TMA18_R10C2
Dataset:name:TONIC_TMA18	/uod/idr/metadata/idr0163-greenwald-tnbc/companions/TONIC_TMA18_R10C3.companion.ome	TONIC_TMA18_R10C3
Dataset:name:TONIC_TMA18	/uod/idr/metadata/idr0163-greenwald-tnbc/companions/TONIC_TMA18_R10C4.companion.ome	TONIC_TMA18_R10C4
Dataset:name:TONIC_TMA18	/uod/idr/metadata/idr0163-greenwald-tnbc/companions/TONIC_TMA18_R10C6.companion.ome	TONIC_TMA18_R10C6
Dataset:name:TONIC_TMA18	/uod/idr/metadata/idr0163-greenwald-tnbc/companions/TONIC_TMA18_R1C3.companion.ome	TONIC_TMA18_R1C3
Dataset:name:TONIC_TMA18	/uod/idr/metadata/idr0163-greenwald-tnbc/companions/TONIC_TMA18_R1C4.companion.ome	TONIC_TMA18_R1C4
Dataset:name:TONIC_TMA18	/uod/idr/metadata/idr0163-greenwald-tnbc/companions/TONIC_TMA18_R1C5.companion.ome	TONIC_TMA18_R1C5
Dataset:name:TONIC_TMA18	/uod/idr/metadata/idr0163-greenwald-tnbc/companions/TONIC_TMA18_R1C6.companion.ome	TONIC_TMA18_R1C6
Dataset:name:TONIC_TMA18	/uod/idr/metadata/idr0163-greenwald-tnbc/companions/TONIC_TMA18_R2C1.companion.ome	TONIC_TMA18_R2C1
Dataset:name:TONIC_TMA18	/uod/idr/metadata/idr0163-greenwald-tnbc/companions/TONIC_TMA18_R2C2.companion.ome	TONIC_TMA18_R2C2
Dataset:name:TONIC_TMA18	/uod/idr/metadata/idr0163-greenwald-tnbc/companions/TONIC_TMA18_R2C3.companion.ome	TONIC_TMA18_R2C3
Dataset:name:TONIC_TMA18	/uod/idr/metadata/idr0163-greenwald-tnbc/companions/TONIC_TMA18_R4C5.companion.ome	TONIC_TMA18_R4C5
Dataset:name:TONIC_TMA18	/uod/idr/metadata/idr0163-greenwald-tnbc/companions/TONIC_TMA18_R4C6.companion.ome	TONIC_TMA18_R4C6
Dataset:name:TONIC_TMA18	/uod/idr/metadata/idr0163-greenwald-tnbc/companions/TONIC_TMA18_R5C1.companion.ome	TONIC_TMA18_R5C1
Dataset:name:TONIC_TMA18	/uod/idr/metadata/idr0163-greenwald-tnbc/companions/TONIC_TMA18_R6C1.companion.ome	TONIC_TMA18_R6C1
Dataset:name:TONIC_TMA18	/uod/idr/metadata/idr0163-greenwald-tnbc/companions/TONIC_TMA18_R6C2.companion.ome	TONIC_TMA18_R6C2
Dataset:name:TONIC_TMA18	/uod/idr/metadata/idr0163-greenwald-tnbc/companions/TONIC_TMA18_R6C3.companion.ome	TONIC_TMA18_R6C3
Dataset:name:TONIC_TMA18	/uod/idr/metadata/idr0163-greenwald-tnbc/companions/TONIC_TMA18_R6C4.companion.ome	TONIC_TMA18_R6C4
Dataset:name:TONIC_TMA18	/uod/idr/metadata/idr0163-greenwald-tnbc/companions/TONIC_TMA18_R6C5.companion.ome	TONIC_TMA18_R6C5
Dataset:name:TONIC_TMA18	/uod/idr/metadata/idr0163-greenwald-tnbc/companions/TONIC_TMA18_R6C6.companion.ome	TONIC_TMA18_R6C6
Dataset:name:TONIC_TMA18	/uod/idr/metadata/idr0163-greenwald-tnbc/companions/TONIC_TMA18_R7C1.companion.ome	TONIC_TMA18_R7C1
Dataset:name:TONIC_TMA18	/uod/idr/metadata/idr0163-greenwald-tnbc/companions/TONIC_TMA18_R7C2.companion.ome	TONIC_TMA18_R7C2
Dataset:name:TONIC_TMA18	/uod/idr/metadata/idr0163-greenwald-tnbc/companions/TONIC_TMA18_R7C3.companion.ome	TONIC_TMA18_R7C3
Dataset:name:TONIC_TMA18	/uod/idr/metadata/idr0163-greenwald-tnbc/companions/TONIC_TMA18_R8C4.companion.ome	TONIC_TMA18_R8C4
Dataset:name:TONIC_TMA18	/uod/idr/metadata/idr0163-greenwald-tnbc/companions/TONIC_TMA18_R8C6.companion.ome	TONIC_TMA18_R8C6
Dataset:name:TONIC_TMA18	/uod/idr/metadata/idr0163-greenwald-tnbc/companions/TONIC_TMA18_R9C1.companion.ome	TONIC_TMA18_R9C1
Dataset:name:TONIC_TMA18	/uod/idr/metadata/idr0163-greenwald-tnbc/companions/TONIC_TMA18_R9C2.companion.ome	TONIC_TMA18_R9C2
Dataset:name:TONIC_TMA18	/uod/idr/metadata/idr0163-greenwald-tnbc/companions/TONIC_TMA18_R9C3.companion.ome	TONIC_TMA18_R9C3
Dataset:name:TONIC_TMA18	/uod/idr/metadata/idr0163-greenwald-tnbc/companions/TONIC_TMA18_R9C4.companion.ome	TONIC_TMA18_R9C4
Dataset:name:TONIC_TMA18	/uod/idr/metadata/idr0163-greenwald-tnbc/companions/TONIC_TMA18_R9C5.companion.ome	TONIC_TMA18_R9C5
Dataset:name:TONIC_TMA18	/uod/idr/metadata/idr0163-greenwald-tnbc/companions/TONIC_TMA18_R9C6.companion.ome	TONIC_TMA18_R9C6
Dataset:name:TONIC_TMA19	/uod/idr/metadata/idr0163-greenwald-tnbc/companions/TONIC_TMA19_R10C3.companion.ome	TONIC_TMA19_R10C3
Dataset:name:TONIC_TMA19	/uod/idr/metadata/idr0163-greenwald-tnbc/companions/TONIC_TMA19_R10C4.companion.ome	TONIC_TMA19_R10C4
Dataset:name:TONIC_TMA19	/uod/idr/metadata/idr0163-greenwald-tnbc/companions/TONIC_TMA19_R10C5.companion.ome	TONIC_TMA19_R10C5
Dataset:name:TONIC_TMA19	/uod/idr/metadata/idr0163-greenwald-tnbc/companions/TONIC_TMA19_R11C4.companion.ome	TONIC_TMA19_R11C4
Dataset:name:TONIC_TMA19	/uod/idr/metadata/idr0163-greenwald-tnbc/companions/TONIC_TMA19_R11C5.companion.ome	TONIC_TMA19_R11C5
Dataset:name:TONIC_TMA19	/uod/idr/metadata/idr0163-greenwald-tnbc/companions/TONIC_TMA19_R11C6.companion.ome	TONIC_TMA19_R11C6
Dataset:name:TONIC_TMA19	/uod/idr/metadata/idr0163-greenwald-tnbc/companions/TONIC_TMA19_R1C1.companion.ome	TONIC_TMA19_R1C1
Dataset:name:TONIC_TMA19	/uod/idr/metadata/idr0163-greenwald-tnbc/companions/TONIC_TMA19_R1C2.companion.ome	TONIC_TMA19_R1C2
Dataset:name:TONIC_TMA19	/uod/idr/metadata/idr0163-greenwald-tnbc/companions/TONIC_TMA19_R1C3.companion.ome	TONIC_TMA19_R1C3
Dataset:name:TONIC_TMA19	/uod/idr/metadata/idr0163-greenwald-tnbc/companions/TONIC_TMA19_R1C5.companion.ome	TONIC_TMA19_R1C5
Dataset:name:TONIC_TMA19	/uod/idr/metadata/idr0163-greenwald-tnbc/companions/TONIC_TMA19_R3C6.companion.ome	TONIC_TMA19_R3C6
Dataset:name:TONIC_TMA19	/uod/idr/metadata/idr0163-greenwald-tnbc/companions/TONIC_TMA19_R4C2.companion.ome	TONIC_TMA19_R4C2
Dataset:name:TONIC_TMA19	/uod/idr/metadata/idr0163-greenwald-tnbc/companions/TONIC_TMA19_R5C1.companion.ome	TONIC_TMA19_R5C1
Dataset:name:TONIC_TMA19	/uod/idr/metadata/idr0163-greenwald-tnbc/companions/TONIC_TMA19_R5C2.companion.ome	TONIC_TMA19_R5C2
Dataset:name:TONIC_TMA19	/uod/idr/metadata/idr0163-greenwald-tnbc/companions/TONIC_TMA19_R6C3.companion.ome	TONIC_TMA19_R6C3
Dataset:name:TONIC_TMA19	/uod/idr/metadata/idr0163-greenwald-tnbc/companions/TONIC_TMA19_R6C4.companion.ome	TONIC_TMA19_R6C4
Dataset:name:TONIC_TMA19	/uod/idr/metadata/idr0163-greenwald-tnbc/companions/TONIC_TMA19_R6C5.companion.ome	TONIC_TMA19_R6C5
Dataset:name:TONIC_TMA19	/uod/idr/metadata/idr0163-greenwald-tnbc/companions/TONIC_TMA19_R6C6.companion.ome	TONIC_TMA19_R6C6
Dataset:name:TONIC_TMA19	/uod/idr/metadata/idr0163-greenwald-tnbc/companions/TONIC_TMA19_R7C2.companion.ome	TONIC_TMA19_R7C2
Dataset:name:TONIC_TMA19	/uod/idr/metadata/idr0163-greenwald-tnbc/companions/TONIC_TMA19_R7C3.companion.ome	TONIC_TMA19_R7C3
Dataset:name:TONIC_TMA19	/uod/idr/metadata/idr0163-greenwald-tnbc/companions/TONIC_TMA19_R7C4.companion.ome	TONIC_TMA19_R7C4
Dataset:name:TONIC_TMA19	/uod/idr/metadata/idr0163-greenwald-tnbc/companions/TONIC_TMA19_R7C6.companion.ome	TONIC_TMA19_R7C6
Dataset:name:TONIC_TMA19	/uod/idr/metadata/idr0163-greenwald-tnbc/companions/TONIC_TMA19_R8C1.companion.ome	TONIC_TMA19_R8C1
Dataset:name:TONIC_TMA19	/uod/idr/metadata/idr0163-greenwald-tnbc/companions/TONIC_TMA19_R8C2.companion.ome	TONIC_TMA19_R8C2
Dataset:name:TONIC_TMA19	/uod/idr/metadata/idr0163-greenwald-tnbc/companions/TONIC_TMA19_R9C3.companion.ome	TONIC_TMA19_R9C3
Dataset:name:TONIC_TMA19	/uod/idr/metadata/idr0163-greenwald-tnbc/companions/TONIC_TMA19_R9C4.companion.ome	TONIC_TMA19_R9C4
Dataset:name:TONIC_TMA20	/uod/idr/metadata/idr0163-greenwald-tnbc/companions/TONIC_TMA20_R10C2.companion.ome	TONIC_TMA20_R10C2
Dataset:name:TONIC_TMA20	/uod/idr/metadata/idr0163-greenwald-tnbc/companions/TONIC_TMA20_R10C3.companion.ome	TONIC_TMA20_R10C3
Dataset:name:TONIC_TMA20	/uod/idr/metadata/idr0163-greenwald-tnbc/companions/TONIC_TMA20_R10C4.companion.ome	TONIC_TMA20_R10C4
Dataset:name:TONIC_TMA20	/uod/idr/metadata/idr0163-greenwald-tnbc/companions/TONIC_TMA20_R10C5.companion.ome	TONIC_TMA20_R10C5
Dataset:name:TONIC_TMA20	/uod/idr/metadata/idr0163-greenwald-tnbc/companions/TONIC_TMA20_R10C6.companion.ome	TONIC_TMA20_R10C6
Dataset:name:TONIC_TMA20	/uod/idr/metadata/idr0163-greenwald-tnbc/companions/TONIC_TMA20_R12C1.companion.ome	TONIC_TMA20_R12C1
Dataset:name:TONIC_TMA20	/uod/idr/metadata/idr0163-greenwald-tnbc/companions/TONIC_TMA20_R12C2.companion.ome	TONIC_TMA20_R12C2
Dataset:name:TONIC_TMA20	/uod/idr/metadata/idr0163-greenwald-tnbc/companions/TONIC_TMA20_R12C3.companion.ome	TONIC_TMA20_R12C3
Dataset:name:TONIC_TMA20	/uod/idr/metadata/idr0163-greenwald-tnbc/companions/TONIC_TMA20_R12C4.companion.ome	TONIC_TMA20_R12C4
Dataset:name:TONIC_TMA20	/uod/idr/metadata/idr0163-greenwald-tnbc/companions/TONIC_TMA20_R12C5.companion.ome	TONIC_TMA20_R12C5
Dataset:name:TONIC_TMA20	/uod/idr/metadata/idr0163-greenwald-tnbc/companions/TONIC_TMA20_R12C6.companion.ome	TONIC_TMA20_R12C6
Dataset:name:TONIC_TMA20	/uod/idr/metadata/idr0163-greenwald-tnbc/companions/TONIC_TMA20_R1C1.companion.ome	TONIC_TMA20_R1C1
Dataset:name:TONIC_TMA20	/uod/idr/metadata/idr0163-greenwald-tnbc/companions/TONIC_TMA20_R1C2.companion.ome	TONIC_TMA20_R1C2
Dataset:name:TONIC_TMA20	/uod/idr/metadata/idr0163-greenwald-tnbc/companions/TONIC_TMA20_R1C3.companion.ome	TONIC_TMA20_R1C3
Dataset:name:TONIC_TMA20	/uod/idr/metadata/idr0163-greenwald-tnbc/companions/TONIC_TMA20_R1C4.companion.ome	TONIC_TMA20_R1C4
Dataset:name:TONIC_TMA20	/uod/idr/metadata/idr0163-greenwald-tnbc/companions/TONIC_TMA20_R1C5.companion.ome	TONIC_TMA20_R1C5
Dataset:name:TONIC_TMA20	/uod/idr/metadata/idr0163-greenwald-tnbc/companions/TONIC_TMA20_R1C6.companion.ome	TONIC_TMA20_R1C6
Dataset:name:TONIC_TMA20	/uod/idr/metadata/idr0163-greenwald-tnbc/companions/TONIC_TMA20_R2C1.companion.ome	TONIC_TMA20_R2C1
Dataset:name:TONIC_TMA20	/uod/idr/metadata/idr0163-greenwald-tnbc/companions/TONIC_TMA20_R2C2.companion.ome	TONIC_TMA20_R2C2
Dataset:name:TONIC_TMA20	/uod/idr/metadata/idr0163-greenwald-tnbc/companions/TONIC_TMA20_R2C3.companion.ome	TONIC_TMA20_R2C3
Dataset:name:TONIC_TMA20	/uod/idr/metadata/idr0163-greenwald-tnbc/companions/TONIC_TMA20_R3C2.companion.ome	TONIC_TMA20_R3C2
Dataset:name:TONIC_TMA20	/uod/idr/metadata/idr0163-greenwald-tnbc/companions/TONIC_TMA20_R4C1.companion.ome	TONIC_TMA20_R4C1
Dataset:name:TONIC_TMA20	/uod/idr/metadata/idr0163-greenwald-tnbc/companions/TONIC_TMA20_R4C2.companion.ome	TONIC_TMA20_R4C2
Dataset:name:TONIC_TMA20	/uod/idr/metadata/idr0163-greenwald-tnbc/companions/TONIC_TMA20_R4C3.companion.ome	TONIC_TMA20_R4C3
Dataset:name:TONIC_TMA20	/uod/idr/metadata/idr0163-greenwald-tnbc/companions/TONIC_TMA20_R4C5.companion.ome	TONIC_TMA20_R4C5
Dataset:name:TONIC_TMA20	/uod/idr/metadata/idr0163-greenwald-tnbc/companions/TONIC_TMA20_R6C5.companion.ome	TONIC_TMA20_R6C5
Dataset:name:TONIC_TMA20	/uod/idr/metadata/idr0163-greenwald-tnbc/companions/TONIC_TMA20_R6C6.companion.ome	TONIC_TMA20_R6C6
Dataset:name:TONIC_TMA20	/uod/idr/metadata/idr0163-greenwald-tnbc/companions/TONIC_TMA20_R7C1.companion.ome	TONIC_TMA20_R7C1
Dataset:name:TONIC_TMA20	/uod/idr/metadata/idr0163-greenwald-tnbc/companions/TONIC_TMA20_R7C2.companion.ome	TONIC_TMA20_R7C2
Dataset:name:TONIC_TMA20	/uod/idr/metadata/idr0163-greenwald-tnbc/companions/TONIC_TMA20_R7C3.companion.ome	TONIC_TMA20_R7C3
Dataset:name:TONIC_TMA20	/uod/idr/metadata/idr0163-greenwald-tnbc/companions/TONIC_TMA20_R7C4.companion.ome	TONIC_TMA20_R7C4
Dataset:name:TONIC_TMA20	/uod/idr/metadata/idr0163-greenwald-tnbc/companions/TONIC_TMA20_R7C5.companion.ome	TONIC_TMA20_R7C5
Dataset:name:TONIC_TMA20	/uod/idr/metadata/idr0163-greenwald-tnbc/companions/TONIC_TMA20_R7C6.companion.ome	TONIC_TMA20_R7C6
Dataset:name:TONIC_TMA20	/uod/idr/metadata/idr0163-greenwald-tnbc/companions/TONIC_TMA20_R8C4.companion.ome	TONIC_TMA20_R8C4
Dataset:name:TONIC_TMA20	/uod/idr/metadata/idr0163-greenwald-tnbc/companions/TONIC_TMA20_R8C5.companion.ome	TONIC_TMA20_R8C5
Dataset:name:TONIC_TMA20	/uod/idr/metadata/idr0163-greenwald-tnbc/companions/TONIC_TMA20_R8C6.companion.ome	TONIC_TMA20_R8C6
Dataset:name:TONIC_TMA20	/uod/idr/metadata/idr0163-greenwald-tnbc/companions/TONIC_TMA20_R9C1.companion.ome	TONIC_TMA20_R9C1
Dataset:name:TONIC_TMA21	/uod/idr/metadata/idr0163-greenwald-tnbc/companions/TONIC_TMA21_R5C1.companion.ome	TONIC_TMA21_R5C1
Dataset:name:TONIC_TMA21	/uod/idr/metadata/idr0163-greenwald-tnbc/companions/TONIC_TMA21_R5C2.companion.ome	TONIC_TMA21_R5C2
Dataset:name:TONIC_TMA21	/uod/idr/metadata/idr0163-greenwald-tnbc/companions/TONIC_TMA21_R5C3.companion.ome	TONIC_TMA21_R5C3
Dataset:name:TONIC_TMA21	/uod/idr/metadata/idr0163-greenwald-tnbc/companions/TONIC_TMA21_R5C4.companion.ome	TONIC_TMA21_R5C4
Dataset:name:TONIC_TMA21	/uod/idr/metadata/idr0163-greenwald-tnbc/companions/TONIC_TMA21_R6C5.companion.ome	TONIC_TMA21_R6C5
Dataset:name:TONIC_TMA21	/uod/idr/metadata/idr0163-greenwald-tnbc/companions/TONIC_TMA21_R6C6.companion.ome	TONIC_TMA21_R6C6
Dataset:name:TONIC_TMA21	/uod/idr/metadata/idr0163-greenwald-tnbc/companions/TONIC_TMA21_R7C1.companion.ome	TONIC_TMA21_R7C1
Dataset:name:TONIC_TMA21	/uod/idr/metadata/idr0163-greenwald-tnbc/companions/TONIC_TMA21_R7C5.companion.ome	TONIC_TMA21_R7C5
Dataset:name:TONIC_TMA21	/uod/idr/metadata/idr0163-greenwald-tnbc/companions/TONIC_TMA21_R7C6.companion.ome	TONIC_TMA21_R7C6
Dataset:name:TONIC_TMA21	/uod/idr/metadata/idr0163-greenwald-tnbc/companions/TONIC_TMA21_R8C1.companion.ome	TONIC_TMA21_R8C1
Dataset:name:TONIC_TMA21	/uod/idr/metadata/idr0163-greenwald-tnbc/companions/TONIC_TMA21_R8C2.companion.ome	TONIC_TMA21_R8C2
Dataset:name:TONIC_TMA22	/uod/idr/metadata/idr0163-greenwald-tnbc/companions/TONIC_TMA22_R10C1.companion.ome	TONIC_TMA22_R10C1
Dataset:name:TONIC_TMA22	/uod/idr/metadata/idr0163-greenwald-tnbc/companions/TONIC_TMA22_R10C2.companion.ome	TONIC_TMA22_R10C2
Dataset:name:TONIC_TMA22	/uod/idr/metadata/idr0163-greenwald-tnbc/companions/TONIC_TMA22_R10C5.companion.ome	TONIC_TMA22_R10C5
Dataset:name:TONIC_TMA22	/uod/idr/metadata/idr0163-greenwald-tnbc/companions/TONIC_TMA22_R10C6.companion.ome	TONIC_TMA22_R10C6
Dataset:name:TONIC_TMA22	/uod/idr/metadata/idr0163-greenwald-tnbc/companions/TONIC_TMA22_R11C3.companion.ome	TONIC_TMA22_R11C3
Dataset:name:TONIC_TMA22	/uod/idr/metadata/idr0163-greenwald-tnbc/companions/TONIC_TMA22_R11C4.companion.ome	TONIC_TMA22_R11C4
Dataset:name:TONIC_TMA22	/uod/idr/metadata/idr0163-greenwald-tnbc/companions/TONIC_TMA22_R11C5.companion.ome	TONIC_TMA22_R11C5
Dataset:name:TONIC_TMA22	/uod/idr/metadata/idr0163-greenwald-tnbc/companions/TONIC_TMA22_R11C6.companion.ome	TONIC_TMA22_R11C6
Dataset:name:TONIC_TMA22	/uod/idr/metadata/idr0163-greenwald-tnbc/companions/TONIC_TMA22_R12C2.companion.ome	TONIC_TMA22_R12C2
Dataset:name:TONIC_TMA22	/uod/idr/metadata/idr0163-greenwald-tnbc/companions/TONIC_TMA22_R12C3.companion.ome	TONIC_TMA22_R12C3
Dataset:name:TONIC_TMA22	/uod/idr/metadata/idr0163-greenwald-tnbc/companions/TONIC_TMA22_R12C4.companion.ome	TONIC_TMA22_R12C4
Dataset:name:TONIC_TMA22	/uod/idr/metadata/idr0163-greenwald-tnbc/companions/TONIC_TMA22_R2C4.companion.ome	TONIC_TMA22_R2C4
Dataset:name:TONIC_TMA22	/uod/idr/metadata/idr0163-greenwald-tnbc/companions/TONIC_TMA22_R2C5.companion.ome	TONIC_TMA22_R2C5
Dataset:name:TONIC_TMA22	/uod/idr/metadata/idr0163-greenwald-tnbc/companions/TONIC_TMA22_R2C6.companion.ome	TONIC_TMA22_R2C6
Dataset:name:TONIC_TMA22	/uod/idr/metadata/idr0163-greenwald-tnbc/companions/TONIC_TMA22_R3C1.companion.ome	TONIC_TMA22_R3C1
Dataset:name:TONIC_TMA22	/uod/idr/metadata/idr0163-greenwald-tnbc/companions/TONIC_TMA22_R3C2.companion.ome	TONIC_TMA22_R3C2
Dataset:name:TONIC_TMA22	/uod/idr/metadata/idr0163-greenwald-tnbc/companions/TONIC_TMA22_R8C4.companion.ome	TONIC_TMA22_R8C4
Dataset:name:TONIC_TMA22	/uod/idr/metadata/idr0163-greenwald-tnbc/companions/TONIC_TMA22_R8C5.companion.ome	TONIC_TMA22_R8C5
Dataset:name:TONIC_TMA22	/uod/idr/metadata/idr0163-greenwald-tnbc/companions/TONIC_TMA22_R8C6.companion.ome	TONIC_TMA22_R8C6
Dataset:name:TONIC_TMA22	/uod/idr/metadata/idr0163-greenwald-tnbc/companions/TONIC_TMA22_R9C4.companion.ome	TONIC_TMA22_R9C4
Dataset:name:TONIC_TMA22	/uod/idr/metadata/idr0163-greenwald-tnbc/companions/TONIC_TMA22_R9C5.companion.ome	TONIC_TMA22_R9C5
Dataset:name:TONIC_TMA22	/uod/idr/metadata/idr0163-greenwald-tnbc/companions/TONIC_TMA22_R9C6.companion.ome	TONIC_TMA22_R9C6
Dataset:name:TONIC_TMA23	/uod/idr/metadata/idr0163-greenwald-tnbc/companions/TONIC_TMA23_R10C1.companion.ome	TONIC_TMA23_R10C1
Dataset:name:TONIC_TMA23	/uod/idr/metadata/idr0163-greenwald-tnbc/companions/TONIC_TMA23_R10C2.companion.ome	TONIC_TMA23_R10C2
Dataset:name:TONIC_TMA23	/uod/idr/metadata/idr0163-greenwald-tnbc/companions/TONIC_TMA23_R11C6.companion.ome	TONIC_TMA23_R11C6
Dataset:name:TONIC_TMA23	/uod/idr/metadata/idr0163-greenwald-tnbc/companions/TONIC_TMA23_R12C1.companion.ome	TONIC_TMA23_R12C1
Dataset:name:TONIC_TMA23	/uod/idr/metadata/idr0163-greenwald-tnbc/companions/TONIC_TMA23_R12C2.companion.ome	TONIC_TMA23_R12C2
Dataset:name:TONIC_TMA23	/uod/idr/metadata/idr0163-greenwald-tnbc/companions/TONIC_TMA23_R4C2.companion.ome	TONIC_TMA23_R4C2
Dataset:name:TONIC_TMA23	/uod/idr/metadata/idr0163-greenwald-tnbc/companions/TONIC_TMA23_R4C3.companion.ome	TONIC_TMA23_R4C3
Dataset:name:TONIC_TMA23	/uod/idr/metadata/idr0163-greenwald-tnbc/companions/TONIC_TMA23_R4C4.companion.ome	TONIC_TMA23_R4C4
Dataset:name:TONIC_TMA23	/uod/idr/metadata/idr0163-greenwald-tnbc/companions/TONIC_TMA23_R7C1.companion.ome	TONIC_TMA23_R7C1
Dataset:name:TONIC_TMA23	/uod/idr/metadata/idr0163-greenwald-tnbc/companions/TONIC_TMA23_R7C2.companion.ome	TONIC_TMA23_R7C2
Dataset:name:TONIC_TMA23	/uod/idr/metadata/idr0163-greenwald-tnbc/companions/TONIC_TMA23_R7C3.companion.ome	TONIC_TMA23_R7C3
Dataset:name:TONIC_TMA23	/uod/idr/metadata/idr0163-greenwald-tnbc/companions/TONIC_TMA23_R7C4.companion.ome	TONIC_TMA23_R7C4
Dataset:name:TONIC_TMA23	/uod/idr/metadata/idr0163-greenwald-tnbc/companions/TONIC_TMA23_R8C2.companion.ome	TONIC_TMA23_R8C2
Dataset:name:TONIC_TMA23	/uod/idr/metadata/idr0163-greenwald-tnbc/companions/TONIC_TMA23_R8C3.companion.ome	TONIC_TMA23_R8C3
Dataset:name:TONIC_TMA23	/uod/idr/metadata/idr0163-greenwald-tnbc/companions/TONIC_TMA23_R8C4.companion.ome	TONIC_TMA23_R8C4
Dataset:name:TONIC_TMA23	/uod/idr/metadata/idr0163-greenwald-tnbc/companions/TONIC_TMA23_R8C5.companion.ome	TONIC_TMA23_R8C5
Dataset:name:TONIC_TMA23	/uod/idr/metadata/idr0163-greenwald-tnbc/companions/TONIC_TMA23_R8C6.companion.ome	TONIC_TMA23_R8C6
Dataset:name:TONIC_TMA23	/uod/idr/metadata/idr0163-greenwald-tnbc/companions/TONIC_TMA23_R9C2.companion.ome	TONIC_TMA23_R9C2
Dataset:name:TONIC_TMA23	/uod/idr/metadata/idr0163-greenwald-tnbc/companions/TONIC_TMA23_R9C3.companion.ome	TONIC_TMA23_R9C3
Dataset:name:TONIC_TMA24	/uod/idr/metadata/idr0163-greenwald-tnbc/companions/TONIC_TMA24_R10C2.companion.ome	TONIC_TMA24_R10C2
Dataset:name:TONIC_TMA24	/uod/idr/metadata/idr0163-greenwald-tnbc/companions/TONIC_TMA24_R10C3.companion.ome	TONIC_TMA24_R10C3
Dataset:name:TONIC_TMA24	/uod/idr/metadata/idr0163-greenwald-tnbc/companions/TONIC_TMA24_R8C2.companion.ome	TONIC_TMA24_R8C2
Dataset:name:TONIC_TMA24	/uod/idr/metadata/idr0163-greenwald-tnbc/companions/TONIC_TMA24_R8C3.companion.ome	TONIC_TMA24_R8C3
Dataset:name:TONIC_TMA24	/uod/idr/metadata/idr0163-greenwald-tnbc/companions/TONIC_TMA24_R8C4.companion.ome	TONIC_TMA24_R8C4
Dataset:name:TONIC_TMA2	/uod/idr/metadata/idr0163-greenwald-tnbc/companions/TONIC_TMA2_R10C1.companion.ome	TONIC_TMA2_R10C1
Dataset:name:TONIC_TMA2	/uod/idr/metadata/idr0163-greenwald-tnbc/companions/TONIC_TMA2_R11C6.companion.ome	TONIC_TMA2_R11C6
Dataset:name:TONIC_TMA2	/uod/idr/metadata/idr0163-greenwald-tnbc/companions/TONIC_TMA2_R1C3.companion.ome	TONIC_TMA2_R1C3
Dataset:name:TONIC_TMA2	/uod/idr/metadata/idr0163-greenwald-tnbc/companions/TONIC_TMA2_R1C4.companion.ome	TONIC_TMA2_R1C4
Dataset:name:TONIC_TMA2	/uod/idr/metadata/idr0163-greenwald-tnbc/companions/TONIC_TMA2_R1C5.companion.ome	TONIC_TMA2_R1C5
Dataset:name:TONIC_TMA2	/uod/idr/metadata/idr0163-greenwald-tnbc/companions/TONIC_TMA2_R1C6.companion.ome	TONIC_TMA2_R1C6
Dataset:name:TONIC_TMA2	/uod/idr/metadata/idr0163-greenwald-tnbc/companions/TONIC_TMA2_R2C1.companion.ome	TONIC_TMA2_R2C1
Dataset:name:TONIC_TMA2	/uod/idr/metadata/idr0163-greenwald-tnbc/companions/TONIC_TMA2_R2C2.companion.ome	TONIC_TMA2_R2C2
Dataset:name:TONIC_TMA2	/uod/idr/metadata/idr0163-greenwald-tnbc/companions/TONIC_TMA2_R4C1.companion.ome	TONIC_TMA2_R4C1
Dataset:name:TONIC_TMA2	/uod/idr/metadata/idr0163-greenwald-tnbc/companions/TONIC_TMA2_R4C2.companion.ome	TONIC_TMA2_R4C2
Dataset:name:TONIC_TMA2	/uod/idr/metadata/idr0163-greenwald-tnbc/companions/TONIC_TMA2_R4C3.companion.ome	TONIC_TMA2_R4C3
Dataset:name:TONIC_TMA2	/uod/idr/metadata/idr0163-greenwald-tnbc/companions/TONIC_TMA2_R4C4.companion.ome	TONIC_TMA2_R4C4
Dataset:name:TONIC_TMA2	/uod/idr/metadata/idr0163-greenwald-tnbc/companions/TONIC_TMA2_R4C6.companion.ome	TONIC_TMA2_R4C6
Dataset:name:TONIC_TMA2	/uod/idr/metadata/idr0163-greenwald-tnbc/companions/TONIC_TMA2_R5C1.companion.ome	TONIC_TMA2_R5C1
Dataset:name:TONIC_TMA2	/uod/idr/metadata/idr0163-greenwald-tnbc/companions/TONIC_TMA2_R6C6.companion.ome	TONIC_TMA2_R6C6
Dataset:name:TONIC_TMA2	/uod/idr/metadata/idr0163-greenwald-tnbc/companions/TONIC_TMA2_R7C2.companion.ome	TONIC_TMA2_R7C2
Dataset:name:TONIC_TMA2	/uod/idr/metadata/idr0163-greenwald-tnbc/companions/TONIC_TMA2_R7C3.companion.ome	TONIC_TMA2_R7C3
Dataset:name:TONIC_TMA2	/uod/idr/metadata/idr0163-greenwald-tnbc/companions/TONIC_TMA2_R7C4.companion.ome	TONIC_TMA2_R7C4
Dataset:name:TONIC_TMA2	/uod/idr/metadata/idr0163-greenwald-tnbc/companions/TONIC_TMA2_R7C5.companion.ome	TONIC_TMA2_R7C5
Dataset:name:TONIC_TMA2	/uod/idr/metadata/idr0163-greenwald-tnbc/companions/TONIC_TMA2_R7C6.companion.ome	TONIC_TMA2_R7C6
Dataset:name:TONIC_TMA2	/uod/idr/metadata/idr0163-greenwald-tnbc/companions/TONIC_TMA2_R8C1.companion.ome	TONIC_TMA2_R8C1
Dataset:name:TONIC_TMA2	/uod/idr/metadata/idr0163-greenwald-tnbc/companions/TONIC_TMA2_R8C2.companion.ome	TONIC_TMA2_R8C2
Dataset:name:TONIC_TMA2	/uod/idr/metadata/idr0163-greenwald-tnbc/companions/TONIC_TMA2_R8C3.companion.ome	TONIC_TMA2_R8C3
Dataset:name:TONIC_TMA2	/uod/idr/metadata/idr0163-greenwald-tnbc/companions/TONIC_TMA2_R8C4.companion.ome	TONIC_TMA2_R8C4
Dataset:name:TONIC_TMA2	/uod/idr/metadata/idr0163-greenwald-tnbc/companions/TONIC_TMA2_R8C5.companion.ome	TONIC_TMA2_R8C5
Dataset:name:TONIC_TMA2	/uod/idr/metadata/idr0163-greenwald-tnbc/companions/TONIC_TMA2_R8C6.companion.ome	TONIC_TMA2_R8C6
Dataset:name:TONIC_TMA2	/uod/idr/metadata/idr0163-greenwald-tnbc/companions/TONIC_TMA2_R9C6.companion.ome	TONIC_TMA2_R9C6
Dataset:name:TONIC_TMA3	/uod/idr/metadata/idr0163-greenwald-tnbc/companions/TONIC_TMA3_R10C3.companion.ome	TONIC_TMA3_R10C3
Dataset:name:TONIC_TMA3	/uod/idr/metadata/idr0163-greenwald-tnbc/companions/TONIC_TMA3_R10C5.companion.ome	TONIC_TMA3_R10C5
Dataset:name:TONIC_TMA3	/uod/idr/metadata/idr0163-greenwald-tnbc/companions/TONIC_TMA3_R11C4.companion.ome	TONIC_TMA3_R11C4
Dataset:name:TONIC_TMA3	/uod/idr/metadata/idr0163-greenwald-tnbc/companions/TONIC_TMA3_R11C5.companion.ome	TONIC_TMA3_R11C5
Dataset:name:TONIC_TMA3	/uod/idr/metadata/idr0163-greenwald-tnbc/companions/TONIC_TMA3_R11C6.companion.ome	TONIC_TMA3_R11C6
Dataset:name:TONIC_TMA3	/uod/idr/metadata/idr0163-greenwald-tnbc/companions/TONIC_TMA3_R12C1.companion.ome	TONIC_TMA3_R12C1
Dataset:name:TONIC_TMA3	/uod/idr/metadata/idr0163-greenwald-tnbc/companions/TONIC_TMA3_R12C2.companion.ome	TONIC_TMA3_R12C2
Dataset:name:TONIC_TMA3	/uod/idr/metadata/idr0163-greenwald-tnbc/companions/TONIC_TMA3_R12C3.companion.ome	TONIC_TMA3_R12C3
Dataset:name:TONIC_TMA3	/uod/idr/metadata/idr0163-greenwald-tnbc/companions/TONIC_TMA3_R2C1.companion.ome	TONIC_TMA3_R2C1
Dataset:name:TONIC_TMA3	/uod/idr/metadata/idr0163-greenwald-tnbc/companions/TONIC_TMA3_R2C2.companion.ome	TONIC_TMA3_R2C2
Dataset:name:TONIC_TMA3	/uod/idr/metadata/idr0163-greenwald-tnbc/companions/TONIC_TMA3_R2C3.companion.ome	TONIC_TMA3_R2C3
Dataset:name:TONIC_TMA3	/uod/idr/metadata/idr0163-greenwald-tnbc/companions/TONIC_TMA3_R2C4.companion.ome	TONIC_TMA3_R2C4
Dataset:name:TONIC_TMA3	/uod/idr/metadata/idr0163-greenwald-tnbc/companions/TONIC_TMA3_R2C5.companion.ome	TONIC_TMA3_R2C5
Dataset:name:TONIC_TMA3	/uod/idr/metadata/idr0163-greenwald-tnbc/companions/TONIC_TMA3_R2C6.companion.ome	TONIC_TMA3_R2C6
Dataset:name:TONIC_TMA3	/uod/idr/metadata/idr0163-greenwald-tnbc/companions/TONIC_TMA3_R3C1.companion.ome	TONIC_TMA3_R3C1
Dataset:name:TONIC_TMA3	/uod/idr/metadata/idr0163-greenwald-tnbc/companions/TONIC_TMA3_R3C2.companion.ome	TONIC_TMA3_R3C2
Dataset:name:TONIC_TMA3	/uod/idr/metadata/idr0163-greenwald-tnbc/companions/TONIC_TMA3_R3C3.companion.ome	TONIC_TMA3_R3C3
Dataset:name:TONIC_TMA3	/uod/idr/metadata/idr0163-greenwald-tnbc/companions/TONIC_TMA3_R3C4.companion.ome	TONIC_TMA3_R3C4
Dataset:name:TONIC_TMA3	/uod/idr/metadata/idr0163-greenwald-tnbc/companions/TONIC_TMA3_R3C5.companion.ome	TONIC_TMA3_R3C5
Dataset:name:TONIC_TMA3	/uod/idr/metadata/idr0163-greenwald-tnbc/companions/TONIC_TMA3_R3C6.companion.ome	TONIC_TMA3_R3C6
Dataset:name:TONIC_TMA3	/uod/idr/metadata/idr0163-greenwald-tnbc/companions/TONIC_TMA3_R4C1.companion.ome	TONIC_TMA3_R4C1
Dataset:name:TONIC_TMA3	/uod/idr/metadata/idr0163-greenwald-tnbc/companions/TONIC_TMA3_R4C2.companion.ome	TONIC_TMA3_R4C2
Dataset:name:TONIC_TMA3	/uod/idr/metadata/idr0163-greenwald-tnbc/companions/TONIC_TMA3_R4C3.companion.ome	TONIC_TMA3_R4C3
Dataset:name:TONIC_TMA3	/uod/idr/metadata/idr0163-greenwald-tnbc/companions/TONIC_TMA3_R4C4.companion.ome	TONIC_TMA3_R4C4
Dataset:name:TONIC_TMA3	/uod/idr/metadata/idr0163-greenwald-tnbc/companions/TONIC_TMA3_R4C5.companion.ome	TONIC_TMA3_R4C5
Dataset:name:TONIC_TMA3	/uod/idr/metadata/idr0163-greenwald-tnbc/companions/TONIC_TMA3_R4C6.companion.ome	TONIC_TMA3_R4C6
Dataset:name:TONIC_TMA3	/uod/idr/metadata/idr0163-greenwald-tnbc/companions/TONIC_TMA3_R5C1.companion.ome	TONIC_TMA3_R5C1
Dataset:name:TONIC_TMA3	/uod/idr/metadata/idr0163-greenwald-tnbc/companions/TONIC_TMA3_R5C2.companion.ome	TONIC_TMA3_R5C2
Dataset:name:TONIC_TMA3	/uod/idr/metadata/idr0163-greenwald-tnbc/companions/TONIC_TMA3_R5C3.companion.ome	TONIC_TMA3_R5C3
Dataset:name:TONIC_TMA3	/uod/idr/metadata/idr0163-greenwald-tnbc/companions/TONIC_TMA3_R5C4.companion.ome	TONIC_TMA3_R5C4
Dataset:name:TONIC_TMA3	/uod/idr/metadata/idr0163-greenwald-tnbc/companions/TONIC_TMA3_R6C3.companion.ome	TONIC_TMA3_R6C3
Dataset:name:TONIC_TMA3	/uod/idr/metadata/idr0163-greenwald-tnbc/companions/TONIC_TMA3_R6C4.companion.ome	TONIC_TMA3_R6C4
Dataset:name:TONIC_TMA3	/uod/idr/metadata/idr0163-greenwald-tnbc/companions/TONIC_TMA3_R6C5.companion.ome	TONIC_TMA3_R6C5
Dataset:name:TONIC_TMA3	/uod/idr/metadata/idr0163-greenwald-tnbc/companions/TONIC_TMA3_R6C6.companion.ome	TONIC_TMA3_R6C6
Dataset:name:TONIC_TMA3	/uod/idr/metadata/idr0163-greenwald-tnbc/companions/TONIC_TMA3_R7C1.companion.ome	TONIC_TMA3_R7C1
Dataset:name:TONIC_TMA3	/uod/idr/metadata/idr0163-greenwald-tnbc/companions/TONIC_TMA3_R7C2.companion.ome	TONIC_TMA3_R7C2
Dataset:name:TONIC_TMA3	/uod/idr/metadata/idr0163-greenwald-tnbc/companions/TONIC_TMA3_R8C1.companion.ome	TONIC_TMA3_R8C1
Dataset:name:TONIC_TMA3	/uod/idr/metadata/idr0163-greenwald-tnbc/companions/TONIC_TMA3_R8C2.companion.ome	TONIC_TMA3_R8C2
Dataset:name:TONIC_TMA3	/uod/idr/metadata/idr0163-greenwald-tnbc/companions/TONIC_TMA3_R8C5.companion.ome	TONIC_TMA3_R8C5
Dataset:name:TONIC_TMA3	/uod/idr/metadata/idr0163-greenwald-tnbc/companions/TONIC_TMA3_R9C1.companion.ome	TONIC_TMA3_R9C1
Dataset:name:TONIC_TMA3	/uod/idr/metadata/idr0163-greenwald-tnbc/companions/TONIC_TMA3_R9C2.companion.ome	TONIC_TMA3_R9C2
Dataset:name:TONIC_TMA3	/uod/idr/metadata/idr0163-greenwald-tnbc/companions/TONIC_TMA3_R9C3.companion.ome	TONIC_TMA3_R9C3
Dataset:name:TONIC_TMA3	/uod/idr/metadata/idr0163-greenwald-tnbc/companions/TONIC_TMA3_R9C4.companion.ome	TONIC_TMA3_R9C4
Dataset:name:TONIC_TMA3	/uod/idr/metadata/idr0163-greenwald-tnbc/companions/TONIC_TMA3_R9C5.companion.ome	TONIC_TMA3_R9C5
Dataset:name:TONIC_TMA3	/uod/idr/metadata/idr0163-greenwald-tnbc/companions/TONIC_TMA3_R9C6.companion.ome	TONIC_TMA3_R9C6
Dataset:name:TONIC_TMA4	/uod/idr/metadata/idr0163-greenwald-tnbc/companions/TONIC_TMA4_R10C1.companion.ome	TONIC_TMA4_R10C1
Dataset:name:TONIC_TMA4	/uod/idr/metadata/idr0163-greenwald-tnbc/companions/TONIC_TMA4_R10C4.companion.ome	TONIC_TMA4_R10C4
Dataset:name:TONIC_TMA4	/uod/idr/metadata/idr0163-greenwald-tnbc/companions/TONIC_TMA4_R10C5.companion.ome	TONIC_TMA4_R10C5
Dataset:name:TONIC_TMA4	/uod/idr/metadata/idr0163-greenwald-tnbc/companions/TONIC_TMA4_R10C6.companion.ome	TONIC_TMA4_R10C6
Dataset:name:TONIC_TMA4	/uod/idr/metadata/idr0163-greenwald-tnbc/companions/TONIC_TMA4_R11C1.companion.ome	TONIC_TMA4_R11C1
Dataset:name:TONIC_TMA4	/uod/idr/metadata/idr0163-greenwald-tnbc/companions/TONIC_TMA4_R11C2.companion.ome	TONIC_TMA4_R11C2
Dataset:name:TONIC_TMA4	/uod/idr/metadata/idr0163-greenwald-tnbc/companions/TONIC_TMA4_R11C3.companion.ome	TONIC_TMA4_R11C3
Dataset:name:TONIC_TMA4	/uod/idr/metadata/idr0163-greenwald-tnbc/companions/TONIC_TMA4_R11C4.companion.ome	TONIC_TMA4_R11C4
Dataset:name:TONIC_TMA4	/uod/idr/metadata/idr0163-greenwald-tnbc/companions/TONIC_TMA4_R11C5.companion.ome	TONIC_TMA4_R11C5
Dataset:name:TONIC_TMA4	/uod/idr/metadata/idr0163-greenwald-tnbc/companions/TONIC_TMA4_R11C6.companion.ome	TONIC_TMA4_R11C6
Dataset:name:TONIC_TMA4	/uod/idr/metadata/idr0163-greenwald-tnbc/companions/TONIC_TMA4_R12C1.companion.ome	TONIC_TMA4_R12C1
Dataset:name:TONIC_TMA4	/uod/idr/metadata/idr0163-greenwald-tnbc/companions/TONIC_TMA4_R12C4.companion.ome	TONIC_TMA4_R12C4
Dataset:name:TONIC_TMA4	/uod/idr/metadata/idr0163-greenwald-tnbc/companions/TONIC_TMA4_R2C2.companion.ome	TONIC_TMA4_R2C2
Dataset:name:TONIC_TMA4	/uod/idr/metadata/idr0163-greenwald-tnbc/companions/TONIC_TMA4_R2C3.companion.ome	TONIC_TMA4_R2C3
Dataset:name:TONIC_TMA4	/uod/idr/metadata/idr0163-greenwald-tnbc/companions/TONIC_TMA4_R2C4.companion.ome	TONIC_TMA4_R2C4
Dataset:name:TONIC_TMA4	/uod/idr/metadata/idr0163-greenwald-tnbc/companions/TONIC_TMA4_R2C5.companion.ome	TONIC_TMA4_R2C5
Dataset:name:TONIC_TMA4	/uod/idr/metadata/idr0163-greenwald-tnbc/companions/TONIC_TMA4_R3C3.companion.ome	TONIC_TMA4_R3C3
Dataset:name:TONIC_TMA4	/uod/idr/metadata/idr0163-greenwald-tnbc/companions/TONIC_TMA4_R3C4.companion.ome	TONIC_TMA4_R3C4
Dataset:name:TONIC_TMA4	/uod/idr/metadata/idr0163-greenwald-tnbc/companions/TONIC_TMA4_R3C5.companion.ome	TONIC_TMA4_R3C5
Dataset:name:TONIC_TMA4	/uod/idr/metadata/idr0163-greenwald-tnbc/companions/TONIC_TMA4_R3C6.companion.ome	TONIC_TMA4_R3C6
Dataset:name:TONIC_TMA4	/uod/idr/metadata/idr0163-greenwald-tnbc/companions/TONIC_TMA4_R4C1.companion.ome	TONIC_TMA4_R4C1
Dataset:name:TONIC_TMA4	/uod/idr/metadata/idr0163-greenwald-tnbc/companions/TONIC_TMA4_R4C3.companion.ome	TONIC_TMA4_R4C3
Dataset:name:TONIC_TMA4	/uod/idr/metadata/idr0163-greenwald-tnbc/companions/TONIC_TMA4_R5C1.companion.ome	TONIC_TMA4_R5C1
Dataset:name:TONIC_TMA4	/uod/idr/metadata/idr0163-greenwald-tnbc/companions/TONIC_TMA4_R5C3.companion.ome	TONIC_TMA4_R5C3
Dataset:name:TONIC_TMA4	/uod/idr/metadata/idr0163-greenwald-tnbc/companions/TONIC_TMA4_R5C4.companion.ome	TONIC_TMA4_R5C4
Dataset:name:TONIC_TMA4	/uod/idr/metadata/idr0163-greenwald-tnbc/companions/TONIC_TMA4_R5C5.companion.ome	TONIC_TMA4_R5C5
Dataset:name:TONIC_TMA4	/uod/idr/metadata/idr0163-greenwald-tnbc/companions/TONIC_TMA4_R5C6.companion.ome	TONIC_TMA4_R5C6
Dataset:name:TONIC_TMA4	/uod/idr/metadata/idr0163-greenwald-tnbc/companions/TONIC_TMA4_R6C2.companion.ome	TONIC_TMA4_R6C2
Dataset:name:TONIC_TMA4	/uod/idr/metadata/idr0163-greenwald-tnbc/companions/TONIC_TMA4_R6C3.companion.ome	TONIC_TMA4_R6C3
Dataset:name:TONIC_TMA4	/uod/idr/metadata/idr0163-greenwald-tnbc/companions/TONIC_TMA4_R6C4.companion.ome	TONIC_TMA4_R6C4
Dataset:name:TONIC_TMA4	/uod/idr/metadata/idr0163-greenwald-tnbc/companions/TONIC_TMA4_R6C5.companion.ome	TONIC_TMA4_R6C5
Dataset:name:TONIC_TMA4	/uod/idr/metadata/idr0163-greenwald-tnbc/companions/TONIC_TMA4_R6C6.companion.ome	TONIC_TMA4_R6C6
Dataset:name:TONIC_TMA4	/uod/idr/metadata/idr0163-greenwald-tnbc/companions/TONIC_TMA4_R7C5.companion.ome	TONIC_TMA4_R7C5
Dataset:name:TONIC_TMA4	/uod/idr/metadata/idr0163-greenwald-tnbc/companions/TONIC_TMA4_R7C6.companion.ome	TONIC_TMA4_R7C6
Dataset:name:TONIC_TMA4	/uod/idr/metadata/idr0163-greenwald-tnbc/companions/TONIC_TMA4_R8C2.companion.ome	TONIC_TMA4_R8C2
Dataset:name:TONIC_TMA4	/uod/idr/metadata/idr0163-greenwald-tnbc/companions/TONIC_TMA4_R8C3.companion.ome	TONIC_TMA4_R8C3
Dataset:name:TONIC_TMA4	/uod/idr/metadata/idr0163-greenwald-tnbc/companions/TONIC_TMA4_R8C4.companion.ome	TONIC_TMA4_R8C4
Dataset:name:TONIC_TMA4	/uod/idr/metadata/idr0163-greenwald-tnbc/companions/TONIC_TMA4_R8C5.companion.ome	TONIC_TMA4_R8C5
Dataset:name:TONIC_TMA4	/uod/idr/metadata/idr0163-greenwald-tnbc/companions/TONIC_TMA4_R9C1.companion.ome	TONIC_TMA4_R9C1
Dataset:name:TONIC_TMA4	/uod/idr/metadata/idr0163-greenwald-tnbc/companions/TONIC_TMA4_R9C2.companion.ome	TONIC_TMA4_R9C2
Dataset:name:TONIC_TMA4	/uod/idr/metadata/idr0163-greenwald-tnbc/companions/TONIC_TMA4_R9C3.companion.ome	TONIC_TMA4_R9C3
Dataset:name:TONIC_TMA4	/uod/idr/metadata/idr0163-greenwald-tnbc/companions/TONIC_TMA4_R9C4.companion.ome	TONIC_TMA4_R9C4
Dataset:name:TONIC_TMA4	/uod/idr/metadata/idr0163-greenwald-tnbc/companions/TONIC_TMA4_R9C5.companion.ome	TONIC_TMA4_R9C5
Dataset:name:TONIC_TMA4	/uod/idr/metadata/idr0163-greenwald-tnbc/companions/TONIC_TMA4_R9C6.companion.ome	TONIC_TMA4_R9C6
Dataset:name:TONIC_TMA5	/uod/idr/metadata/idr0163-greenwald-tnbc/companions/TONIC_TMA5_R10C2.companion.ome	TONIC_TMA5_R10C2
Dataset:name:TONIC_TMA5	/uod/idr/metadata/idr0163-greenwald-tnbc/companions/TONIC_TMA5_R10C5.companion.ome	TONIC_TMA5_R10C5
Dataset:name:TONIC_TMA5	/uod/idr/metadata/idr0163-greenwald-tnbc/companions/TONIC_TMA5_R10C6.companion.ome	TONIC_TMA5_R10C6
Dataset:name:TONIC_TMA5	/uod/idr/metadata/idr0163-greenwald-tnbc/companions/TONIC_TMA5_R11C1.companion.ome	TONIC_TMA5_R11C1
Dataset:name:TONIC_TMA5	/uod/idr/metadata/idr0163-greenwald-tnbc/companions/TONIC_TMA5_R11C5.companion.ome	TONIC_TMA5_R11C5
Dataset:name:TONIC_TMA5	/uod/idr/metadata/idr0163-greenwald-tnbc/companions/TONIC_TMA5_R11C6.companion.ome	TONIC_TMA5_R11C6
Dataset:name:TONIC_TMA5	/uod/idr/metadata/idr0163-greenwald-tnbc/companions/TONIC_TMA5_R12C1.companion.ome	TONIC_TMA5_R12C1
Dataset:name:TONIC_TMA5	/uod/idr/metadata/idr0163-greenwald-tnbc/companions/TONIC_TMA5_R12C2.companion.ome	TONIC_TMA5_R12C2
Dataset:name:TONIC_TMA5	/uod/idr/metadata/idr0163-greenwald-tnbc/companions/TONIC_TMA5_R12C3.companion.ome	TONIC_TMA5_R12C3
Dataset:name:TONIC_TMA5	/uod/idr/metadata/idr0163-greenwald-tnbc/companions/TONIC_TMA5_R12C4.companion.ome	TONIC_TMA5_R12C4
Dataset:name:TONIC_TMA5	/uod/idr/metadata/idr0163-greenwald-tnbc/companions/TONIC_TMA5_R12C5.companion.ome	TONIC_TMA5_R12C5
Dataset:name:TONIC_TMA5	/uod/idr/metadata/idr0163-greenwald-tnbc/companions/TONIC_TMA5_R1C1.companion.ome	TONIC_TMA5_R1C1
Dataset:name:TONIC_TMA5	/uod/idr/metadata/idr0163-greenwald-tnbc/companions/TONIC_TMA5_R1C2.companion.ome	TONIC_TMA5_R1C2
Dataset:name:TONIC_TMA5	/uod/idr/metadata/idr0163-greenwald-tnbc/companions/TONIC_TMA5_R1C3.companion.ome	TONIC_TMA5_R1C3
Dataset:name:TONIC_TMA5	/uod/idr/metadata/idr0163-greenwald-tnbc/companions/TONIC_TMA5_R1C4.companion.ome	TONIC_TMA5_R1C4
Dataset:name:TONIC_TMA5	/uod/idr/metadata/idr0163-greenwald-tnbc/companions/TONIC_TMA5_R1C5.companion.ome	TONIC_TMA5_R1C5
Dataset:name:TONIC_TMA5	/uod/idr/metadata/idr0163-greenwald-tnbc/companions/TONIC_TMA5_R1C6.companion.ome	TONIC_TMA5_R1C6
Dataset:name:TONIC_TMA5	/uod/idr/metadata/idr0163-greenwald-tnbc/companions/TONIC_TMA5_R2C1.companion.ome	TONIC_TMA5_R2C1
Dataset:name:TONIC_TMA5	/uod/idr/metadata/idr0163-greenwald-tnbc/companions/TONIC_TMA5_R2C3.companion.ome	TONIC_TMA5_R2C3
Dataset:name:TONIC_TMA5	/uod/idr/metadata/idr0163-greenwald-tnbc/companions/TONIC_TMA5_R2C4.companion.ome	TONIC_TMA5_R2C4
Dataset:name:TONIC_TMA5	/uod/idr/metadata/idr0163-greenwald-tnbc/companions/TONIC_TMA5_R3C3.companion.ome	TONIC_TMA5_R3C3
Dataset:name:TONIC_TMA5	/uod/idr/metadata/idr0163-greenwald-tnbc/companions/TONIC_TMA5_R3C4.companion.ome	TONIC_TMA5_R3C4
Dataset:name:TONIC_TMA5	/uod/idr/metadata/idr0163-greenwald-tnbc/companions/TONIC_TMA5_R3C5.companion.ome	TONIC_TMA5_R3C5
Dataset:name:TONIC_TMA5	/uod/idr/metadata/idr0163-greenwald-tnbc/companions/TONIC_TMA5_R3C6.companion.ome	TONIC_TMA5_R3C6
Dataset:name:TONIC_TMA5	/uod/idr/metadata/idr0163-greenwald-tnbc/companions/TONIC_TMA5_R4C1.companion.ome	TONIC_TMA5_R4C1
Dataset:name:TONIC_TMA5	/uod/idr/metadata/idr0163-greenwald-tnbc/companions/TONIC_TMA5_R4C2.companion.ome	TONIC_TMA5_R4C2
Dataset:name:TONIC_TMA5	/uod/idr/metadata/idr0163-greenwald-tnbc/companions/TONIC_TMA5_R4C4.companion.ome	TONIC_TMA5_R4C4
Dataset:name:TONIC_TMA5	/uod/idr/metadata/idr0163-greenwald-tnbc/companions/TONIC_TMA5_R5C1.companion.ome	TONIC_TMA5_R5C1
Dataset:name:TONIC_TMA5	/uod/idr/metadata/idr0163-greenwald-tnbc/companions/TONIC_TMA5_R5C2.companion.ome	TONIC_TMA5_R5C2
Dataset:name:TONIC_TMA5	/uod/idr/metadata/idr0163-greenwald-tnbc/companions/TONIC_TMA5_R5C3.companion.ome	TONIC_TMA5_R5C3
Dataset:name:TONIC_TMA5	/uod/idr/metadata/idr0163-greenwald-tnbc/companions/TONIC_TMA5_R5C4.companion.ome	TONIC_TMA5_R5C4
Dataset:name:TONIC_TMA5	/uod/idr/metadata/idr0163-greenwald-tnbc/companions/TONIC_TMA5_R6C1.companion.ome	TONIC_TMA5_R6C1
Dataset:name:TONIC_TMA5	/uod/idr/metadata/idr0163-greenwald-tnbc/companions/TONIC_TMA5_R6C2.companion.ome	TONIC_TMA5_R6C2
Dataset:name:TONIC_TMA5	/uod/idr/metadata/idr0163-greenwald-tnbc/companions/TONIC_TMA5_R6C3.companion.ome	TONIC_TMA5_R6C3
Dataset:name:TONIC_TMA5	/uod/idr/metadata/idr0163-greenwald-tnbc/companions/TONIC_TMA5_R7C1.companion.ome	TONIC_TMA5_R7C1
Dataset:name:TONIC_TMA5	/uod/idr/metadata/idr0163-greenwald-tnbc/companions/TONIC_TMA5_R7C2.companion.ome	TONIC_TMA5_R7C2
Dataset:name:TONIC_TMA5	/uod/idr/metadata/idr0163-greenwald-tnbc/companions/TONIC_TMA5_R7C4.companion.ome	TONIC_TMA5_R7C4
Dataset:name:TONIC_TMA5	/uod/idr/metadata/idr0163-greenwald-tnbc/companions/TONIC_TMA5_R7C6.companion.ome	TONIC_TMA5_R7C6
Dataset:name:TONIC_TMA5	/uod/idr/metadata/idr0163-greenwald-tnbc/companions/TONIC_TMA5_R8C6.companion.ome	TONIC_TMA5_R8C6
Dataset:name:TONIC_TMA6	/uod/idr/metadata/idr0163-greenwald-tnbc/companions/TONIC_TMA6_R10C1.companion.ome	TONIC_TMA6_R10C1
Dataset:name:TONIC_TMA6	/uod/idr/metadata/idr0163-greenwald-tnbc/companions/TONIC_TMA6_R10C2.companion.ome	TONIC_TMA6_R10C2
Dataset:name:TONIC_TMA6	/uod/idr/metadata/idr0163-greenwald-tnbc/companions/TONIC_TMA6_R10C3.companion.ome	TONIC_TMA6_R10C3
Dataset:name:TONIC_TMA6	/uod/idr/metadata/idr0163-greenwald-tnbc/companions/TONIC_TMA6_R10C4.companion.ome	TONIC_TMA6_R10C4
Dataset:name:TONIC_TMA6	/uod/idr/metadata/idr0163-greenwald-tnbc/companions/TONIC_TMA6_R10C6.companion.ome	TONIC_TMA6_R10C6
Dataset:name:TONIC_TMA6	/uod/idr/metadata/idr0163-greenwald-tnbc/companions/TONIC_TMA6_R1C1.companion.ome	TONIC_TMA6_R1C1
Dataset:name:TONIC_TMA6	/uod/idr/metadata/idr0163-greenwald-tnbc/companions/TONIC_TMA6_R1C2.companion.ome	TONIC_TMA6_R1C2
Dataset:name:TONIC_TMA6	/uod/idr/metadata/idr0163-greenwald-tnbc/companions/TONIC_TMA6_R2C4.companion.ome	TONIC_TMA6_R2C4
Dataset:name:TONIC_TMA6	/uod/idr/metadata/idr0163-greenwald-tnbc/companions/TONIC_TMA6_R2C5.companion.ome	TONIC_TMA6_R2C5
Dataset:name:TONIC_TMA6	/uod/idr/metadata/idr0163-greenwald-tnbc/companions/TONIC_TMA6_R2C6.companion.ome	TONIC_TMA6_R2C6
Dataset:name:TONIC_TMA6	/uod/idr/metadata/idr0163-greenwald-tnbc/companions/TONIC_TMA6_R3C1.companion.ome	TONIC_TMA6_R3C1
Dataset:name:TONIC_TMA6	/uod/idr/metadata/idr0163-greenwald-tnbc/companions/TONIC_TMA6_R3C2.companion.ome	TONIC_TMA6_R3C2
Dataset:name:TONIC_TMA6	/uod/idr/metadata/idr0163-greenwald-tnbc/companions/TONIC_TMA6_R4C6.companion.ome	TONIC_TMA6_R4C6
Dataset:name:TONIC_TMA6	/uod/idr/metadata/idr0163-greenwald-tnbc/companions/TONIC_TMA6_R5C1.companion.ome	TONIC_TMA6_R5C1
Dataset:name:TONIC_TMA6	/uod/idr/metadata/idr0163-greenwald-tnbc/companions/TONIC_TMA6_R5C2.companion.ome	TONIC_TMA6_R5C2
Dataset:name:TONIC_TMA6	/uod/idr/metadata/idr0163-greenwald-tnbc/companions/TONIC_TMA6_R5C3.companion.ome	TONIC_TMA6_R5C3
Dataset:name:TONIC_TMA6	/uod/idr/metadata/idr0163-greenwald-tnbc/companions/TONIC_TMA6_R5C4.companion.ome	TONIC_TMA6_R5C4
Dataset:name:TONIC_TMA6	/uod/idr/metadata/idr0163-greenwald-tnbc/companions/TONIC_TMA6_R5C5.companion.ome	TONIC_TMA6_R5C5
Dataset:name:TONIC_TMA6	/uod/idr/metadata/idr0163-greenwald-tnbc/companions/TONIC_TMA6_R5C6.companion.ome	TONIC_TMA6_R5C6
Dataset:name:TONIC_TMA6	/uod/idr/metadata/idr0163-greenwald-tnbc/companions/TONIC_TMA6_R6C1.companion.ome	TONIC_TMA6_R6C1
Dataset:name:TONIC_TMA6	/uod/idr/metadata/idr0163-greenwald-tnbc/companions/TONIC_TMA6_R6C2.companion.ome	TONIC_TMA6_R6C2
Dataset:name:TONIC_TMA6	/uod/idr/metadata/idr0163-greenwald-tnbc/companions/TONIC_TMA6_R7C2.companion.ome	TONIC_TMA6_R7C2
Dataset:name:TONIC_TMA6	/uod/idr/metadata/idr0163-greenwald-tnbc/companions/TONIC_TMA6_R7C5.companion.ome	TONIC_TMA6_R7C5
Dataset:name:TONIC_TMA6	/uod/idr/metadata/idr0163-greenwald-tnbc/companions/TONIC_TMA6_R7C6.companion.ome	TONIC_TMA6_R7C6
Dataset:name:TONIC_TMA6	/uod/idr/metadata/idr0163-greenwald-tnbc/companions/TONIC_TMA6_R8C2.companion.ome	TONIC_TMA6_R8C2
Dataset:name:TONIC_TMA6	/uod/idr/metadata/idr0163-greenwald-tnbc/companions/TONIC_TMA6_R8C3.companion.ome	TONIC_TMA6_R8C3
Dataset:name:TONIC_TMA6	/uod/idr/metadata/idr0163-greenwald-tnbc/companions/TONIC_TMA6_R8C4.companion.ome	TONIC_TMA6_R8C4
Dataset:name:TONIC_TMA6	/uod/idr/metadata/idr0163-greenwald-tnbc/companions/TONIC_TMA6_R9C3.companion.ome	TONIC_TMA6_R9C3
Dataset:name:TONIC_TMA6	/uod/idr/metadata/idr0163-greenwald-tnbc/companions/TONIC_TMA6_R9C4.companion.ome	TONIC_TMA6_R9C4
Dataset:name:TONIC_TMA6	/uod/idr/metadata/idr0163-greenwald-tnbc/companions/TONIC_TMA6_R9C5.companion.ome	TONIC_TMA6_R9C5
Dataset:name:TONIC_TMA7	/uod/idr/metadata/idr0163-greenwald-tnbc/companions/TONIC_TMA7_R10C2.companion.ome	TONIC_TMA7_R10C2
Dataset:name:TONIC_TMA7	/uod/idr/metadata/idr0163-greenwald-tnbc/companions/TONIC_TMA7_R10C4.companion.ome	TONIC_TMA7_R10C4
Dataset:name:TONIC_TMA7	/uod/idr/metadata/idr0163-greenwald-tnbc/companions/TONIC_TMA7_R10C5.companion.ome	TONIC_TMA7_R10C5
Dataset:name:TONIC_TMA7	/uod/idr/metadata/idr0163-greenwald-tnbc/companions/TONIC_TMA7_R10C6.companion.ome	TONIC_TMA7_R10C6
Dataset:name:TONIC_TMA7	/uod/idr/metadata/idr0163-greenwald-tnbc/companions/TONIC_TMA7_R11C2.companion.ome	TONIC_TMA7_R11C2
Dataset:name:TONIC_TMA7	/uod/idr/metadata/idr0163-greenwald-tnbc/companions/TONIC_TMA7_R11C3.companion.ome	TONIC_TMA7_R11C3
Dataset:name:TONIC_TMA7	/uod/idr/metadata/idr0163-greenwald-tnbc/companions/TONIC_TMA7_R11C4.companion.ome	TONIC_TMA7_R11C4
Dataset:name:TONIC_TMA7	/uod/idr/metadata/idr0163-greenwald-tnbc/companions/TONIC_TMA7_R11C5.companion.ome	TONIC_TMA7_R11C5
Dataset:name:TONIC_TMA7	/uod/idr/metadata/idr0163-greenwald-tnbc/companions/TONIC_TMA7_R12C1.companion.ome	TONIC_TMA7_R12C1
Dataset:name:TONIC_TMA7	/uod/idr/metadata/idr0163-greenwald-tnbc/companions/TONIC_TMA7_R12C2.companion.ome	TONIC_TMA7_R12C2
Dataset:name:TONIC_TMA7	/uod/idr/metadata/idr0163-greenwald-tnbc/companions/TONIC_TMA7_R2C5.companion.ome	TONIC_TMA7_R2C5
Dataset:name:TONIC_TMA7	/uod/idr/metadata/idr0163-greenwald-tnbc/companions/TONIC_TMA7_R2C6.companion.ome	TONIC_TMA7_R2C6
Dataset:name:TONIC_TMA7	/uod/idr/metadata/idr0163-greenwald-tnbc/companions/TONIC_TMA7_R3C1.companion.ome	TONIC_TMA7_R3C1
Dataset:name:TONIC_TMA7	/uod/idr/metadata/idr0163-greenwald-tnbc/companions/TONIC_TMA7_R3C4.companion.ome	TONIC_TMA7_R3C4
Dataset:name:TONIC_TMA7	/uod/idr/metadata/idr0163-greenwald-tnbc/companions/TONIC_TMA7_R3C5.companion.ome	TONIC_TMA7_R3C5
Dataset:name:TONIC_TMA7	/uod/idr/metadata/idr0163-greenwald-tnbc/companions/TONIC_TMA7_R3C6.companion.ome	TONIC_TMA7_R3C6
Dataset:name:TONIC_TMA7	/uod/idr/metadata/idr0163-greenwald-tnbc/companions/TONIC_TMA7_R4C1.companion.ome	TONIC_TMA7_R4C1
Dataset:name:TONIC_TMA7	/uod/idr/metadata/idr0163-greenwald-tnbc/companions/TONIC_TMA7_R4C3.companion.ome	TONIC_TMA7_R4C3
Dataset:name:TONIC_TMA7	/uod/idr/metadata/idr0163-greenwald-tnbc/companions/TONIC_TMA7_R4C4.companion.ome	TONIC_TMA7_R4C4
Dataset:name:TONIC_TMA7	/uod/idr/metadata/idr0163-greenwald-tnbc/companions/TONIC_TMA7_R4C5.companion.ome	TONIC_TMA7_R4C5
Dataset:name:TONIC_TMA7	/uod/idr/metadata/idr0163-greenwald-tnbc/companions/TONIC_TMA7_R4C6.companion.ome	TONIC_TMA7_R4C6
Dataset:name:TONIC_TMA7	/uod/idr/metadata/idr0163-greenwald-tnbc/companions/TONIC_TMA7_R5C1.companion.ome	TONIC_TMA7_R5C1
Dataset:name:TONIC_TMA7	/uod/idr/metadata/idr0163-greenwald-tnbc/companions/TONIC_TMA7_R5C2.companion.ome	TONIC_TMA7_R5C2
Dataset:name:TONIC_TMA7	/uod/idr/metadata/idr0163-greenwald-tnbc/companions/TONIC_TMA7_R5C3.companion.ome	TONIC_TMA7_R5C3
Dataset:name:TONIC_TMA7	/uod/idr/metadata/idr0163-greenwald-tnbc/companions/TONIC_TMA7_R5C4.companion.ome	TONIC_TMA7_R5C4
Dataset:name:TONIC_TMA7	/uod/idr/metadata/idr0163-greenwald-tnbc/companions/TONIC_TMA7_R6C1.companion.ome	TONIC_TMA7_R6C1
Dataset:name:TONIC_TMA7	/uod/idr/metadata/idr0163-greenwald-tnbc/companions/TONIC_TMA7_R9C1.companion.ome	TONIC_TMA7_R9C1
Dataset:name:TONIC_TMA7	/uod/idr/metadata/idr0163-greenwald-tnbc/companions/TONIC_TMA7_R9C2.companion.ome	TONIC_TMA7_R9C2
Dataset:name:TONIC_TMA7	/uod/idr/metadata/idr0163-greenwald-tnbc/companions/TONIC_TMA7_R9C3.companion.ome	TONIC_TMA7_R9C3
Dataset:name:TONIC_TMA7	/uod/idr/metadata/idr0163-greenwald-tnbc/companions/TONIC_TMA7_R9C4.companion.ome	TONIC_TMA7_R9C4
Dataset:name:TONIC_TMA7	/uod/idr/metadata/idr0163-greenwald-tnbc/companions/TONIC_TMA7_R9C5.companion.ome	TONIC_TMA7_R9C5
Dataset:name:TONIC_TMA8	/uod/idr/metadata/idr0163-greenwald-tnbc/companions/TONIC_TMA8_R1C1.companion.ome	TONIC_TMA8_R1C1
Dataset:name:TONIC_TMA8	/uod/idr/metadata/idr0163-greenwald-tnbc/companions/TONIC_TMA8_R1C2.companion.ome	TONIC_TMA8_R1C2
Dataset:name:TONIC_TMA8	/uod/idr/metadata/idr0163-greenwald-tnbc/companions/TONIC_TMA8_R1C5.companion.ome	TONIC_TMA8_R1C5
Dataset:name:TONIC_TMA8	/uod/idr/metadata/idr0163-greenwald-tnbc/companions/TONIC_TMA8_R1C6.companion.ome	TONIC_TMA8_R1C6
Dataset:name:TONIC_TMA8	/uod/idr/metadata/idr0163-greenwald-tnbc/companions/TONIC_TMA8_R2C1.companion.ome	TONIC_TMA8_R2C1
Dataset:name:TONIC_TMA8	/uod/idr/metadata/idr0163-greenwald-tnbc/companions/TONIC_TMA8_R2C2.companion.ome	TONIC_TMA8_R2C2
Dataset:name:TONIC_TMA8	/uod/idr/metadata/idr0163-greenwald-tnbc/companions/TONIC_TMA8_R2C3.companion.ome	TONIC_TMA8_R2C3
Dataset:name:TONIC_TMA8	/uod/idr/metadata/idr0163-greenwald-tnbc/companions/TONIC_TMA8_R2C4.companion.ome	TONIC_TMA8_R2C4
Dataset:name:TONIC_TMA8	/uod/idr/metadata/idr0163-greenwald-tnbc/companions/TONIC_TMA8_R2C5.companion.ome	TONIC_TMA8_R2C5
Dataset:name:TONIC_TMA8	/uod/idr/metadata/idr0163-greenwald-tnbc/companions/TONIC_TMA8_R2C6.companion.ome	TONIC_TMA8_R2C6
Dataset:name:TONIC_TMA8	/uod/idr/metadata/idr0163-greenwald-tnbc/companions/TONIC_TMA8_R3C1.companion.ome	TONIC_TMA8_R3C1
Dataset:name:TONIC_TMA8	/uod/idr/metadata/idr0163-greenwald-tnbc/companions/TONIC_TMA8_R3C2.companion.ome	TONIC_TMA8_R3C2
Dataset:name:TONIC_TMA8	/uod/idr/metadata/idr0163-greenwald-tnbc/companions/TONIC_TMA8_R3C3.companion.ome	TONIC_TMA8_R3C3
Dataset:name:TONIC_TMA8	/uod/idr/metadata/idr0163-greenwald-tnbc/companions/TONIC_TMA8_R3C4.companion.ome	TONIC_TMA8_R3C4
Dataset:name:TONIC_TMA8	/uod/idr/metadata/idr0163-greenwald-tnbc/companions/TONIC_TMA8_R3C5.companion.ome	TONIC_TMA8_R3C5
Dataset:name:TONIC_TMA8	/uod/idr/metadata/idr0163-greenwald-tnbc/companions/TONIC_TMA8_R3C6.companion.ome	TONIC_TMA8_R3C6
Dataset:name:TONIC_TMA8	/uod/idr/metadata/idr0163-greenwald-tnbc/companions/TONIC_TMA8_R8C2.companion.ome	TONIC_TMA8_R8C2
Dataset:name:TONIC_TMA8	/uod/idr/metadata/idr0163-greenwald-tnbc/companions/TONIC_TMA8_R8C3.companion.ome	TONIC_TMA8_R8C3
Dataset:name:TONIC_TMA8	/uod/idr/metadata/idr0163-greenwald-tnbc/companions/TONIC_TMA8_R8C4.companion.ome	TONIC_TMA8_R8C4
Dataset:name:TONIC_TMA8	/uod/idr/metadata/idr0163-greenwald-tnbc/companions/TONIC_TMA8_R9C4.companion.ome	TONIC_TMA8_R9C4
Dataset:name:TONIC_TMA8	/uod/idr/metadata/idr0163-greenwald-tnbc/companions/TONIC_TMA8_R9C5.companion.ome	TONIC_TMA8_R9C5
Dataset:name:TONIC_TMA8	/uod/idr/metadata/idr0163-greenwald-tnbc/companions/TONIC_TMA8_R9C6.companion.ome	TONIC_TMA8_R9C6
Dataset:name:TONIC_TMA9	/uod/idr/metadata/idr0163-greenwald-tnbc/companions/TONIC_TMA9_R10C2.companion.ome	TONIC_TMA9_R10C2
Dataset:name:TONIC_TMA9	/uod/idr/metadata/idr0163-greenwald-tnbc/companions/TONIC_TMA9_R10C3.companion.ome	TONIC_TMA9_R10C3
Dataset:name:TONIC_TMA9	/uod/idr/metadata/idr0163-greenwald-tnbc/companions/TONIC_TMA9_R10C4.companion.ome	TONIC_TMA9_R10C4
Dataset:name:TONIC_TMA9	/uod/idr/metadata/idr0163-greenwald-tnbc/companions/TONIC_TMA9_R11C3.companion.ome	TONIC_TMA9_R11C3
Dataset:name:TONIC_TMA9	/uod/idr/metadata/idr0163-greenwald-tnbc/companions/TONIC_TMA9_R11C4.companion.ome	TONIC_TMA9_R11C4
Dataset:name:TONIC_TMA9	/uod/idr/metadata/idr0163-greenwald-tnbc/companions/TONIC_TMA9_R12C1.companion.ome	TONIC_TMA9_R12C1
Dataset:name:TONIC_TMA9	/uod/idr/metadata/idr0163-greenwald-tnbc/companions/TONIC_TMA9_R1C1.companion.ome	TONIC_TMA9_R1C1
Dataset:name:TONIC_TMA9	/uod/idr/metadata/idr0163-greenwald-tnbc/companions/TONIC_TMA9_R1C3.companion.ome	TONIC_TMA9_R1C3
Dataset:name:TONIC_TMA9	/uod/idr/metadata/idr0163-greenwald-tnbc/companions/TONIC_TMA9_R1C4.companion.ome	TONIC_TMA9_R1C4
Dataset:name:TONIC_TMA9	/uod/idr/metadata/idr0163-greenwald-tnbc/companions/TONIC_TMA9_R1C5.companion.ome	TONIC_TMA9_R1C5
Dataset:name:TONIC_TMA9	/uod/idr/metadata/idr0163-greenwald-tnbc/companions/TONIC_TMA9_R1C6.companion.ome	TONIC_TMA9_R1C6
Dataset:name:TONIC_TMA9	/uod/idr/metadata/idr0163-greenwald-tnbc/companions/TONIC_TMA9_R2C1.companion.ome	TONIC_TMA9_R2C1
Dataset:name:TONIC_TMA9	/uod/idr/metadata/idr0163-greenwald-tnbc/companions/TONIC_TMA9_R2C2.companion.ome	TONIC_TMA9_R2C2
Dataset:name:TONIC_TMA9	/uod/idr/metadata/idr0163-greenwald-tnbc/companions/TONIC_TMA9_R2C5.companion.ome	TONIC_TMA9_R2C5
Dataset:name:TONIC_TMA9	/uod/idr/metadata/idr0163-greenwald-tnbc/companions/TONIC_TMA9_R3C3.companion.ome	TONIC_TMA9_R3C3
Dataset:name:TONIC_TMA9	/uod/idr/metadata/idr0163-greenwald-tnbc/companions/TONIC_TMA9_R3C4.companion.ome	TONIC_TMA9_R3C4
Dataset:name:TONIC_TMA9	/uod/idr/metadata/idr0163-greenwald-tnbc/companions/TONIC_TMA9_R3C6.companion.ome	TONIC_TMA9_R3C6
Dataset:name:TONIC_TMA9	/uod/idr/metadata/idr0163-greenwald-tnbc/companions/TONIC_TMA9_R4C6.companion.ome	TONIC_TMA9_R4C6
Dataset:name:TONIC_TMA9	/uod/idr/metadata/idr0163-greenwald-tnbc/companions/TONIC_TMA9_R5C1.companion.ome	TONIC_TMA9_R5C1
Dataset:name:TONIC_TMA9	/uod/idr/metadata/idr0163-greenwald-tnbc/companions/TONIC_TMA9_R5C2.companion.ome	TONIC_TMA9_R5C2
Dataset:name:TONIC_TMA9	/uod/idr/metadata/idr0163-greenwald-tnbc/companions/TONIC_TMA9_R5C3.companion.ome	TONIC_TMA9_R5C3
Dataset:name:TONIC_TMA9	/uod/idr/metadata/idr0163-greenwald-tnbc/companions/TONIC_TMA9_R5C4.companion.ome	TONIC_TMA9_R5C4
Dataset:name:TONIC_TMA9	/uod/idr/metadata/idr0163-greenwald-tnbc/companions/TONIC_TMA9_R6C1.companion.ome	TONIC_TMA9_R6C1
Dataset:name:TONIC_TMA9	/uod/idr/metadata/idr0163-greenwald-tnbc/companions/TONIC_TMA9_R6C2.companion.ome	TONIC_TMA9_R6C2
Dataset:name:TONIC_TMA9	/uod/idr/metadata/idr0163-greenwald-tnbc/companions/TONIC_TMA9_R6C3.companion.ome	TONIC_TMA9_R6C3
Dataset:name:TONIC_TMA9	/uod/idr/metadata/idr0163-greenwald-tnbc/companions/TONIC_TMA9_R6C4.companion.ome	TONIC_TMA9_R6C4
Dataset:name:TONIC_TMA9	/uod/idr/metadata/idr0163-greenwald-tnbc/companions/TONIC_TMA9_R7C1.companion.ome	TONIC_TMA9_R7C1
Dataset:name:TONIC_TMA9	/uod/idr/metadata/idr0163-greenwald-tnbc/companions/TONIC_TMA9_R7C2.companion.ome	TONIC_TMA9_R7C2
Dataset:name:TONIC_TMA9	/uod/idr/metadata/idr0163-greenwald-tnbc/companions/TONIC_TMA9_R7C3.companion.ome	TONIC_TMA9_R7C3
Dataset:name:TONIC_TMA9	/uod/idr/metadata/idr0163-greenwald-tnbc/companions/TONIC_TMA9_R7C4.companion.ome	TONIC_TMA9_R7C4
Dataset:name:TONIC_TMA9	/uod/idr/metadata/idr0163-greenwald-tnbc/companions/TONIC_TMA9_R7C5.companion.ome	TONIC_TMA9_R7C5
Dataset:name:TONIC_TMA9	/uod/idr/metadata/idr0163-greenwald-tnbc/companions/TONIC_TMA9_R7C6.companion.ome	TONIC_TMA9_R7C6
Dataset:name:TONIC_TMA9	/uod/idr/metadata/idr0163-greenwald-tnbc/companions/TONIC_TMA9_R8C1.companion.ome	TONIC_TMA9_R8C1
Dataset:name:TONIC_TMA9	/uod/idr/metadata/idr0163-greenwald-tnbc/companions/TONIC_TMA9_R8C2.companion.ome	TONIC_TMA9_R8C2
Dataset:name:TONIC_TMA9	/uod/idr/metadata/idr0163-greenwald-tnbc/companions/TONIC_TMA9_R8C3.companion.ome	TONIC_TMA9_R8C3
Dataset:name:TONIC_TMA9	/uod/idr/metadata/idr0163-greenwald-tnbc/companions/TONIC_TMA9_R8C4.companion.ome	TONIC_TMA9_R8C4
Dataset:name:TONIC_TMA9	/uod/idr/metadata/idr0163-greenwald-tnbc/companions/TONIC_TMA9_R8C5.companion.ome	TONIC_TMA9_R8C5
